1.,Sinner Jannik, Italy,11180
2.,Zverev Alexander, Germany,6875
3.,Alcaraz Carlos, Spain,6690
4.,Djokovic Novak, Serbia,5560
5.,Medvedev Daniil, Russia,5475
6.,Rublev Andrey, Russia,4645
7.,Fritz Taylor, USA,4060
8.,Hurkacz Hubert, Poland,4060
9.,Ruud Casper, Norway,4010
10.,Dimitrov Grigor, Bulgaria,3920
11.,De Minaur Alex, Australia,3655
12.,Tsitsipas Stefanos, Greece,3390
13.,Paul Tommy, USA,3005
14.,Rune Holger, Denmark,2780
15.,Tiafoe Frances, USA,2560
16.,Korda Sebastian, USA,2520
17.,Shelton Ben, USA,2490
18.,Humbert Ugo, France,2370
19.,Musetti Lorenzo, Italy,2355
20.,Draper Jack, Great Britain,2315
21.,Auger Aliassime Felix, Canada,2170
22.,Tabilo Alejandro, Chile,1963
23.,Popyrin Alexei, Australia,1825
24.,Fils Arthur, France,1775
25.,Baez Sebastian, Argentina,1760
26.,Bublik Alexander, Kazakhstan,1690
27.,Khachanov Karen, Russia,1680
28.,Jarry Nicolas, Chile,1635
29.,Thompson Jordan, Australia,1566
30.,Borges Nuno, Portugal,1515
31.,Cerundolo Francisco, Argentina,1500
32.,Cobolli Flavio, Italy,1482
33.,Arnaldi Matteo, Italy,1390
34.,Machac Tomas, Czech Republic,1374
35.,Etcheverry Tomas Martin, Argentina,1370
36.,Nakashima Brandon, USA,1360
37.,Lehecka Jiri, Czech Republic,1345
38.,Struff Jan-Lennard, Germany,1310
39.,Griekspoor Tallon, Netherlands,1300
40.,Navone Mariano, Argentina,1278
41.,Darderi Luciano, Italy,1265
42.,Martinez Pedro, Spain,1207
43.,Zhang Zhizhen, China,1205
44.,Mannarino Adrian, France,1184
45.,Berrettini Matteo, Italy,1165
46.,Monfils Gael, France,1160
47.,Giron Marcos, USA,1150
48.,Marozsan Fabian, Hungary,1120
49.,Michelsen Alex, USA,1115
50.,Sonego Lorenzo, Italy,1081
51.,Mpetshi Perricard Giovanni, France,1073
52.,Norrie Cameron, Great Britain,995
53.,Carballes Baena Roberto, Spain,955
54.,Kecmanovic Miomir, Serbia,945
55.,Shang Juncheng, China,895
56.,Shevchenko Alexander, Kazakhstan,875
57.,Diaz Acosta Facundo, Argentina,865
58.,Ofner Sebastian, Austria,854
59.,Nishioka Yoshihito, Japan,849
60.,Rinderknech Arthur, France,843
61.,Bautista-Agut Roberto, Spain,841
62.,Munar Jaume, Spain,839
63.,Kotov Pavel, Russia,832
64.,Davidovich Fokina Alejandro, Spain,820
65.,Goffin David, Belgium,812
66.,Mensik Jakub, Czech Republic,797
67.,Van De Zandschulp Botic, Netherlands,794
68.,Lajovic Dusan, Serbia,791
69.,Safiullin Roman, Russia,790
70.,Moutet Corentin, France,751
71.,Muller Alexandre, France,748
72.,Duckworth James, Australia,748
73.,Kovacevic Aleksandar, USA,740
74.,Bergs Zizou, Belgium,738
75.,Monteiro Thiago, Brazil,736
76.,Hijikata Rinky, Australia,718
77.,Gaston Hugo, France,714
78.,Kokkinakis Thanasi, Australia,712
79.,O'Connell Christopher, Australia,700
80.,Fognini Fabio, Italy,691
81.,Koepfer Dominik, Germany,686
82.,Hanfmann Yannick, Germany,681
83.,Nagal Sumit, India,681
84.,Altmaier Daniel, Germany,675
85.,Ruusuvuori Emil, Finland,673
86.,Fucsovics Marton, Hungary,659
87.,Seyboth Wild Thiago, Brazil,656
88.,Nardi Luca, Italy,647
89.,Purcell Max, Australia,625
90.,Vukic Aleksandar, Australia,624
91.,Daniel Taro, Japan,619
92.,Cazaux Arthur, France,608
93.,Coria Federico, Argentina,606
94.,Dzumhur Damir, Bosnia and Herzeg.,605
95.,Walton Adam, Australia,604
96.,Yunchaokete Bu, China,584
97.,Tirante Thiago Agustin, Argentina,584
98.,Coric Borna, Croatia,582
99.,Halys Quentin, France,578
100.,Kukushkin Mikhail, Kazakhstan,561
101.,Shapovalov Denis, Canada,560
102.,Comesana Francisco, Argentina,559
103.,Bellucci Mattia, Italy,554
104.,Harris Billy, Great Britain,552
105.,Diallo Gabriel, Canada,543
106.,Marterer Maximilian, Germany,543
107.,Dellien Hugo, Bolivia,542
108.,Ajdukovic Duje, Croatia,539
109.,Passaro Francesco, Italy,527
110.,Virtanen Otto, Finland,521
111.,Van Assche Luca, France,519
112.,Ugo Carabelli Camilo, Argentina,518
113.,Djere Laslo, Serbia,516
114.,Eubanks Christopher, USA,512
115.,Mayot Harold, France,493
116.,Vacherot Valentin, Monaco,491
117.,Tseng Chun Hsin, Chinese Taipei,489
118.,Harris Lloyd, RSA,488
119.,Garin Cristian, Chile,488
120.,Gasquet Richard, France,487
121.,Ritschard Alexander, Switzerland,485
122.,Klein Lukas, Slovakia,482
123.,Kovalik Jozef, Slovakia,475
124.,Pouille Lucas, France,472
125.,Herbert Pierre-Hugues, France,468
126.,Fearnley Jacob, Great Britain,463
127.,Galan Daniel Elahi, Colombia,461
128.,De Jong Jesper, Netherlands,460
129.,Riedi Leandro, Switzerland,456
130.,Burruchaga Roman Andres, Argentina,452
131.,Svajda Zachary, USA,452
132.,Bagnis Facundo, Argentina,450
133.,Ramos-Vinolas Albert, Spain,442
134.,Wong Coleman, Hong Kong,441
135.,Medjedovic Hamad, Serbia,440
136.,Uchiyama Yasutaka, Japan,433
137.,Trungelliti Marco, Argentina,429
138.,Lestienne Constant, France,428
139.,Karatsev Aslan, Russia,418
140.,Blanchet Ugo, France,416
141.,Hong Seong Chan, South Korea,413
142.,Krueger Mitchell, USA,412
143.,Kopriva Vit, Czech Republic,411
144.,Albot Radu, Moldavsko,411
145.,Moreno De Alboran Nicolas, USA,411
146.,Mochizuki Shintaro, Japan,408
147.,Majchrzak Kamil, Poland,399
148.,Barrere Gregoire, France,394
149.,Napolitano Stefano, Italy,394
150.,Grenier Hugo, France,388
151.,Tien Learner, USA,384
152.,Kym Jerome, Switzerland,383
153.,Moro Canas Alejandro, Spain,381
154.,Nadal Rafael, Spain,380
155.,Gigante Matteo, Italy,380
156.,Heide Gustavo, Brazil,375
157.,Fonseca Joao, Brazil,374
158.,Gomez Federico Agustin, Argentina,373
159.,Barrios Vera Marcelo Tomas, Chile,370
160.,Roca Batalla Oriol, Spain,370
161.,Atmane Terence, France,369
162.,Brouwer Gijs, Netherlands,366
163.,Faria Jaime, Portugal,366
164.,Droguet Titouan, France,361
165.,Shimabukuro Sho, Japan,355
166.,Meligeni Rodrigues Alves Felipe, Brazil,353
167.,Holmgren August, Denmark,353
168.,Rocha Henrique, Portugal,350
169.,Wolf Jeffrey John, USA,349
170.,Rodionov Jurij, Austria,348
171.,Huesler Marc-Andrea, Switzerland,348
172.,McDonald Mackenzie, USA,342
173.,Schoolkate Tristan, Australia,342
174.,Bonzi Benjamin, France,338
175.,Kasnikowski Maks, Poland,337
176.,Evans Daniel, Great Britain,334
177.,Popko Dmitry, Kazakhstan,330
178.,Choinski Jan, Great Britain,327
179.,Kachmazov Alibek, Russia,327
180.,Gaubas Vilius, Lithuania,324
181.,Jacquet Kyrian, France,323
182.,Royer Valentin, France,322
183.,Hsu Yu Hsiou, Chinese Taipei,321
184.,Kypson Patrick, USA,320
185.,Dellien Murkel, Bolivia,319
186.,Jubb Paul, Great Britain,316
187.,Squire Henri, Germany,314
188.,Bolt Alex, Australia,312
189.,Shelbayh Abedallah, Jordan,312
190.,Varillas Juan Pablo, Peru,311
191.,Collignon Raphael, Belgium,309
192.,Hassan Benjamin, Lebanon,305
193.,Tu Li, Australia,304
194.,Nava Emilio, USA,300
195.,Skatov Timofey, Kazakhstan,299
196.,Zhukayev Beibit, Kazakhstan,298
197.,Yevseyev Denis, Kazakhstan,295
198.,Taberner Carlos, Spain,291
199.,Travaglia Stefano, Italy,291
200.,Nishikori Kei, Japan,288
201.,Carreno-Busta Pablo, Spain,287
202.,Holt Brandon, USA,287
203.,Zeppieri Giulio, Italy,286
204.,Martineau Matteo, France,286
205.,Hardt Nick, Dominican Rep.,285
206.,Cerundolo Juan Manuel, Argentina,285
207.,Ficovich Juan Pablo, Argentina,284
208.,Damm Martin (2003), USA,283
209.,Pellegrino Andrea, Italy,283
210.,Mena Facundo, Argentina,283
211.,Buse Ignacio, Peru,282
212.,Couacaud Enzo, France,278
213.,Jasika Omar, Australia,277
214.,Andreev Adrian, Bulgaria,277
215.,Cressy Maxime, USA,276
216.,De Loore Joris, Belgium,273
217.,Chidekh Clement, France,271
218.,Escoffier Antoine, France,271
219.,Barranco Cosano Javier, Spain,268
220.,Schwartzman Diego, Argentina,266
221.,Janvier Maxime, France,266
222.,Rodriguez Taverna Santiago, Argentina,258
223.,Kudla Denis, USA,257
224.,Quinn Ethan, USA,257
225.,Mmoh Michael, USA,255
226.,Dougaz Aziz, Tunisia,252
227.,Basavareddy Nishesh, USA,247
228.,Arnaboldi Federico, Italy,247
229.,Collarini Andrea, Argentina,245
230.,Lajal Mark, Estonia,244
231.,Boyer Tristan, USA,244
232.,Tomic Bernard, Australia,244
233.,Wawrinka Stan, Switzerland,243
234.,Sultanov Khumoun, Uzbekistan,243
235.,Bueno Gonzalo, Peru,243
236.,Jianu Filip Cristian, Romania,243
237.,Mejia Nicolas, Colombia,242
238.,Hemery Calvin, France,242
239.,Ymer Elias, Sweden,241
240.,Landaluce Martin, Spain,241
241.,Misolic Filip, Austria,240
242.,Raonic Milos, Canada,240
243.,Blancaneaux Geoffrey, France,239
244.,Molleker Rudolf, Germany,239
245.,Thiem Dominic, Austria,238
246.,Vavassori Andrea, Italy,238
247.,Andrade Andres, Ecuador,235
248.,Blockx Alexander, Belgium,232
249.,Piros Zsombor, Hungary,231
250.,Moller Elmer, Denmark,231
251.,Cachin Pedro, Argentina,227
252.,Mager Gianluca, Italy,227
253.,Polmans Marc, Australia,227
254.,Galarneau Alexis, Canada,223
255.,Shimizu Yuta, Japan,222
256.,Broom Charles, Great Britain,219
257.,Draxl Liam, Canada,218
258.,Crawford Oliver, Great Britain,215
259.,Trotter James, Japan,214
260.,Guillen Meza Alvaro, Ecuador,213
261.,Fery Arthur, Great Britain,209
262.,Bai Yan, China,209
263.,Paire Benoit, France,209
264.,Llamas Ruiz Pablo, Spain,206
265.,Habib Hady, Lebanon,205
266.,Dalla Valle Enrico, Italy,205
267.,Gerasimov Egor, Belarus,202
268.,Debru Gabriel, France,200
269.,Clarke Jay, Great Britain,200
270.,Neumayer Lukas, Austria,199
271.,Rincon Daniel, Spain,198
272.,Vincent Ruggeri Samuel, Italy,198
273.,Masur Daniel, Germany,197
274.,Den Ouden Guy, Netherlands,196
275.,Dodig Matej, Croatia,195
276.,Sweeny Dane, Australia,192
277.,Sharipov Marat (2002), Russia,191
278.,Zapata Miralles Bernabe, Spain,189
279.,Nicod Jakub, Czech Republic,189
280.,Olivo Renzo, Argentina,189
281.,Oliveira Gonzalo, Venezuela,189
282.,Houkes Max, Netherlands,188
283.,Vrbensky Michael, Czech Republic,186
284.,Sakamoto Pedro, Brazil,186
285.,Guinard Manuel, France,183
286.,Vallejo Adolfo Daniel, Paraguay,183
287.,Marie Jules, France,183
288.,Bertrand Robin, France,183
289.,Giustino Lorenzo, Italy,182
290.,Cretu Cezar (2001), Romania,181
291.,Bertola Remy, Switzerland,180
292.,Onclin Gauthier, Belgium,179
293.,Alves Mateus (2001), Brazil,178
294.,Svrcina Dalibor, Czech Republic,178
295.,Noguchi Rio, Japan,178
296.,McCabe James, Australia,176
297.,Martin Tiffon Pol, Spain,176
298.,Spizzirri Eliot, USA,175
299.,Sell Karue, Brazil,175
300.,Fonio Giovanni, Italy,175
301.,Novak Dennis, Austria,174
302.,Kirkin Ergi, Turkey,171
303.,Elias Gastao, Portugal,170
304.,Ursu Vadym, Ukraine,170
305.,Mayo Aidan, USA,168
306.,Opelka Reilly, USA,167
307.,Kwiatkowski Thai-Son, USA,167
308.,Soto Matias, Chile,167
309.,Torres Juan Bautista, Argentina,166
310.,Gakhov Ivan, Russia,166
311.,Klizan Martin, Slovakia,165
312.,Sanchez Izquierdo Nikolas, Spain,165
313.,Naw Hazem, Syria,164
314.,Wu Tung-lin, Chinese Taipei,164
315.,Marchenko Illya, Ukraine,163
316.,Zakharov Alexey, Russia,163
317.,Maestrelli Francesco, Italy,163
318.,Sekulic Philip, Australia,162
319.,Sels Jelle, Netherlands,162
320.,Tabur Clement, France,162
321.,Gill Felix, Great Britain,161
322.,Gea Arthur, France,160
323.,Agamenone Franco, Italy,159
324.,Hussey Giles, Great Britain,158
325.,Berankis Ricardas, Lithuania,157
326.,Poljicak Mili, Croatia,157
327.,Stricker Dominic, Switzerland,156
328.,Basilashvili Nikoloz, Georgia,156
329.,Molcan Alex, Slovakia,155
330.,Forejtek Jonas, Czech Republic,155
331.,Berrettini Jacopo, Italy,154
332.,Jorda Sanchis David, Spain,154
333.,Merida Aguilar Daniel, Spain,154
334.,Ramanathan Ramkumar, India,153
335.,Nakagawa Naoki, Japan,151
336.,Prado Angelo Juan Carlos, Bolivia,150
337.,Watanuki Yosuke, Japan,149
338.,Kopp Sandro, Austria,149
339.,Geerts Michael, Belgium,148
340.,Pucinelli De Almeida Matheus, Brazil,147
341.,Bellier Antoine, Switzerland,146
342.,Rehberg Max Hans, Germany,146
343.,Krumich Martin, Czech Republic,146
344.,Kwon Soon Woo, South Korea,145
345.,Kuhn Nicola, Germany,144
346.,Fanselow Sebastian, Germany,144
347.,Lock Benjamin, Zimbabwe,144
348.,Prizmic Dino, Croatia,143
349.,Kozlov Stefan, USA,141
350.,Pavlovic Luka, France,141
351.,Ionel Nicholas David, Romania,140
352.,Sun Fajing, China,139
353.,Picchione Andrea, Italy,139
354.,Roncadelli Franco, Uruguay,138
355.,Henning Philip, RSA,137
356.,Olivieri Genaro Alberto, Argentina,137
357.,Chazal Maxime, France,136
358.,Boitan Gabi Adrian, Romania,136
359.,Dutra da Silva Daniel, Brazil,136
360.,Kuzmanov Dimitar, Bulgaria,135
361.,Sanchez Jover Carlos, Spain,135
362.,Campana Lee Gerard, South Korea,135
363.,Vatutin Alexey, Russia,135
364.,Paulson Andrew, Czech Republic,134
365.,Butvilas Edas, Lithuania,134
366.,Edmund Kyle, Great Britain,133
367.,Weis Alexander, Italy,133
368.,Damas Miguel, Spain,131
369.,Ellis Blake, Australia,131
370.,Cecchinato Marco, Italy,130
371.,Fatic Nerman, Bosnia and Herzeg.,130
372.,Michalski Daniel, Poland,129
373.,Cilic Marin, Croatia,128
374.,Schwaerzler Joel, Austria,128
375.,Cui Jie, China,128
376.,Bourgue Mathias, France,127
377.,Mikrut Luka, Croatia,127
378.,Marti Pujolras Alex, Spain,127
379.,Reis Da Silva Joao Lucas, Brazil,126
380.,Kodat Toby Alex, USA,126
381.,Lingua Lavallen Alejo Lorenzo, Argentina,125
382.,Lamasine Tristan, France,125
383.,Uchida Kaichi, Japan,125
384.,Bobrov Bogdan, Russia,124
385.,Van Wyk Kris, RSA,124
386.,Aboian Valerio, Argentina,124
387.,Dellavedova Matthew, Australia,124
388.,Tiurnev Evgenii, Russia,123
389.,Artnak Bor, Slovenia,122
390.,Glinka Daniil, Estonia,122
391.,Cid Subervi Roberto, Dominican Rep.,121
392.,Seggerman Ryan, USA,120
393.,Erhard Mathys, France,120
394.,Vesely Jiri, Czech Republic,119
395.,Sandgren Tennys, USA,119
396.,Valkusz Mate, Hungary,117
397.,Marmousez Lilian, France,117
398.,Escobedo Ernesto, Mexico,116
399.,Prihodko Oleg, Ukraine,116
400.,Moriya Hiroki, Japan,116
401.,Mott Blake, Australia,116
402.,Echargui Moez, Tunisia,116
403.,Moeller Marvin, Germany,115
404.,Poullain Lucas, France,115
405.,Kuzuhara Bruno, USA,115
406.,Gombos Norbert, Slovakia,114
407.,Sachko Vitaliy, Ukraine,114
408.,Mukund Sasi Kumar, India,114
409.,Ambrogi Luciano Emanuel, Argentina,113
410.,Barroso Campos Alberto, Spain,113
411.,Villanueva Gonzalo, Argentina,113
412.,Nesterov Petr, Bulgaria,112
413.,Luz Orlando, Brazil,111
414.,Brancaccio Raul, Italy,110
415.,Feldbausch Kilian, Switzerland,109
416.,Denolly Corentin, France,109
417.,Safwat Mohamed, Egypt,108
418.,Ovcharenko Oleksandr, Ukraine,107
419.,Bouquier Arthur, France,107
420.,Coulibaly Eliakim, Ivory Coast,107
421.,Barton Hynek, Czech Republic,106
422.,Ilagan Andre, USA,106
423.,Paul Jakub, Switzerland,106
424.,Gengel Marek, Czech Republic,105
425.,Negritu Christoph, Germany,104
426.,Nijboer Ryan, Netherlands,103
427.,Purtseladze Saba, Georgia,103
428.,Simakin Ilia, Russia,100
429.,Piraino Gabriele, Italy,100
430.,Strombachs Robert, Latvia,100
431.,Imai Shintaro, Japan,99
432.,Serafini Marcello, Italy,99
433.,Alvarez Varona Nicolas, Spain,99
434.,Delaney Jake, Australia,99
435.,McHugh Aidan, Great Britain,99
436.,Popovic Stefan, Serbia,99
437.,Gojo Borna, Croatia,98
438.,Bonadio Riccardo, Italy,98
439.,Serdarusic Nino, Croatia,98
440.,Handel Tim, Germany,98
441.,Gautier Alexis, France,98
442.,Justo Guido Ivan, Argentina,98
443.,Lopez Montagud Carlos, Spain,98
444.,Pennaforti Gabriele, Italy,98
445.,Peniston Ryan, Great Britain,97
446.,Zhou Yi, China,97
447.,Pacheco Mendez Rodrigo, Mexico,97
448.,Milev Yanaki, Bulgaria,97
449.,Martin Andres, USA,96
450.,Topo Marko, Germany,96
451.,Alcala Gurri Max, Spain,96
452.,Pinnington Jones Jack, Great Britain,95
453.,Pecci Alessandro, Italy,95
454.,Casanova Hernan, Argentina,94
455.,Matusevich Anton, Great Britain,93
456.,Lokoli Laurent, France,93
457.,Adams Harrison, USA,93
458.,Brunold Mika, Switzerland,93
459.,Rodesch Chris, Luxembourg,92
460.,Ilkel Cem, Turkey,92
461.,Pereira Jose, Brazil,92
462.,Pannu Kiranpal, New Zealand,92
463.,Kolar Zdenek, Czech Republic,92
464.,Gueymard Wayenburg Sascha, France,92
465.,Soriano Barrera Adria, Colombia,91
466.,Bicknell Blaise, Jamaica,91
467.,Oliel Yshai, Israel,91
468.,Oberleitner Neil, Austria,91
469.,Sousa Joao, Portugal,90
470.,Kumar Omni, USA,90
471.,Donskoy Evgeny, Russia,90
472.,Gerch Lucas, Germany,89
473.,Wenger Damien, Switzerland,89
474.,Karlovskiy Evgeny, Russia,88
475.,Colson Tibo, Belgium,87
476.,Imamura Masamichi, Japan,87
477.,Farjat Tomas, Argentina,87
478.,Gentzsch Tom, Germany,87
479.,Langmo Christian, USA,85
480.,Tomescu Dan Alexandru, Romania,85
481.,Broady Liam, Great Britain,84
482.,Johns Garrett, USA,84
483.,Vanshelboim Eric, Ukraine,84
484.,Andreozzi Guido, Argentina,83
485.,Agwi Michael, Ireland,83
486.,Oradini Giovanni, Italy,83
487.,Silva Frederico Ferreira, Portugal,83
488.,Compagnucci Tommaso, Italy,83
489.,Durasovic Viktor, Norway,83
490.,Stewart Hamish, Great Britain,82
491.,Gulin Svyatoslav, Russia,82
492.,Bittoun Kouzmine Constantin, France,82
493.,Sanchez Quilez Alejo, Spain,82
494.,Lavagno Edoardo, Italy,81
495.,Gaio Federico, Italy,81
496.,Rai Ajeet, New Zealand,81
497.,Wessels Louis, Germany,81
498.,Added Dan, France,81
499.,Kestelboim Mariano, Argentina,80
500.,Ayeni Alafia, USA,80
501.,Midon Lautaro, Argentina,80
502.,Agafonov Egor, Russia,80
503.,Klier Junior Gilbert, Brazil,79
504.,Cias Pawel, Poland,79
505.,Shiraishi Hikaru, Japan,79
506.,Rosenkranz Mats, Germany,79
507.,Sakellaridis Stefanos, Greece,79
508.,Dzhavakian Yurii, Ukraine,79
509.,Saville Luke, Australia,78
510.,Bertran Peter, Dominican Rep.,78
511.,Cukierman Daniel, Israel,77
512.,Gray Alastair, Great Britain,77
513.,Ochi Makoto, Japan,77
514.,Bax Florent, France,77
515.,Palosi Stefan, Romania,76
516.,Araujo Pedro (2002), Portugal,76
517.,Kumasaka Takuya, Japan,75
518.,Iannaccone Federico, Italy,75
519.,Bakshi Aleksandre, Georgia,75
520.,Kivattsev Kirill, Russia,75
521.,Papoe Radu Mihai, Romania,74
522.,Parker Stuart, Great Britain,74
523.,Samrej Kasidit, Thailand,74
524.,Bradshaw Jacob, Australia,74
525.,Vale Duarte, Portugal,74
526.,De Krom Michiel, Netherlands,74
527.,Wiskandt Max, Germany,74
528.,Pereira Tiago, Portugal,74
529.,Engel Justin, Germany,73
530.,Gimeno Valero Carlos, Spain,73
531.,Bielinskyi Viacheslav, Ukraine,73
532.,Pokorny Lukas, Slovakia,73
533.,Caruso Salvatore, Italy,71
534.,Searle Henry, Great Britain,71
535.,Giannessi Alessandro, Italy,71
536.,Isomura Kokoro, Japan,71
537.,Pieczkowski Olaf, Poland,71
538.,Erel Yanki, Turkey,70
539.,Fomin Sergey, Uzbekistan,70
540.,Juarez Facundo, Italy,69
541.,Diez Steven, Canada,69
542.,Smith Keegan, USA,69
543.,Ly Nam Hoang, Viet Nam,68
544.,Vylegzhanin Nikolay, Russia,68
545.,Aboian Leonardo, Argentina,68
546.,Kirchheimer Strong, USA,67
547.,Takahashi Yusuke, Japan,67
548.,Krutykh Oleksii, Ukraine,67
549.,Smith Colton, USA,66
550.,Porras Julio Cesar, Argentina,66
551.,Cadenasso Gianluca, Italy,66
552.,Bouquet Lucas, France,66
553.,Rodriguez Lorenzo Joaquin, Argentina,66
554.,Ferrari Gianmarco, Italy,66
555.,Gavrielides Liam, Germany,66
556.,Martin Andrej, Slovakia,65
557.,Bar Biryukov Petr, Russia,65
558.,Leite Wilson, Brazil,65
559.,Jung Jason, Chinese Taipei,64
560.,Ejupovic Elmar, Germany,64
561.,Slump Stijn, Netherlands,64
562.,Boscardin Dias Pedro, Brazil,64
563.,Orlov Vladyslav, Ukraine,64
564.,Wu Yibing, China,63
565.,Snitari Ilya, Moldavsko,63
566.,Guerrieri Andrea, Italy,62
567.,Domingues Joao, Portugal,62
568.,Peliwo Filip, Poland,62
569.,Borg Leo, Sweden,61
570.,Loffhagen George, Great Britain,60
571.,Visker Niels, Netherlands,60
572.,Kellovsky Dominik, Czech Republic,60
573.,Barreto Sanchez Diego Augusto, Spain,60
574.,Gima Sebastian, Romania,60
575.,Martinez Alex, Spain,59
576.,Basic Mirza, Bosnia and Herzeg.,59
577.,Mo Ye Cong, China,59
578.,Pichler David, Austria,59
579.,Palan Dominik, Czech Republic,59
580.,Singh Karan, India,59
581.,Chappell Nick, USA,59
582.,Lopez Morillo Imanol, Spain,59
583.,Matsuda Ryuki, Japan,59
584.,Oetzbach Adrian, Germany,59
585.,Taguchi Ryotaro, Japan,58
586.,Broska Florian, Germany,58
587.,Zahraj Patrick, Germany,58
588.,Sorger Sebastian, Austria,58
589.,Copil Marius, Romania,57
590.,Nam Ji Sung, South Korea,57
591.,Maloney Patrick, USA,57
592.,Shin Sanhui, South Korea,57
593.,Andaloro Fabrizio, Italy,57
594.,Hudd Emile, Great Britain,57
595.,Paz Juan Pablo, Argentina,57
596.,Vishwakarma Siddharth, India,56
597.,Kingsley Cannon, USA,56
598.,Schiessl Joao Eduardo, Brazil,56
599.,Beckley Alec, RSA,56
600.,Gonzalez Fernandez Mario, Spain,56
601.,Friberg Karl, Sweden,55
602.,Paris Tom, France,55
603.,Te Rigele, China,55
604.,Gimenez Igor, Brazil,55
605.,Celikbilek Altug, Turkey,54
606.,Blanch Dali, USA,54
607.,Braswell Micah, USA,53
608.,Ribeiro Eduardo, Brazil,53
609.,Zink Tyler, USA,52
610.,Jong Sander, Netherlands,52
611.,Barrena Alex, Argentina,51
612.,Heller Peter, Germany,51
613.,Wassermann Deney, Netherlands,51
614.,Barreiros Reyes Mateo, Brazil,51
615.,Kimhi Orel, Israel,51
616.,Huang Tsung-Hao, Chinese Taipei,51
617.,Trongcharoenchaikul Wishaya, Thailand,51
618.,Bouzige Moerani, Australia,51
619.,Johnson Steve, USA,50
620.,Bailly Gilles Arnaud, Belgium,50
621.,Corwin Felix, USA,50
622.,Wehnelt Kai, Germany,50
623.,Obradovic Dusan, Serbia,50
624.,Tarvet Oliver, Great Britain,49
625.,Svajda Trevor, USA,49
626.,Krajinovic Filip, Serbia,49
627.,Cassone Murphy, USA,49
628.,Rybakov Alex, USA,49
629.,Sinclair Colin, N. Mariana Isl.,49
630.,Fajta Peter, Hungary,49
631.,Chepelev Andrey, Russia,49
632.,Bondioli Federico, Italy,49
633.,Beaupain Simon, Belgium,49
634.,Knaff Alex, Luxembourg,49
635.,Montes-De La Torre Inaki, Spain,48
636.,Shah Aryan, India,48
637.,Hoang Antoine, France,48
638.,La Serna Juan Manuel, Argentina,48
639.,Giunta Massimo, Italy,48
640.,Shin Woobin, South Korea,48
641.,Wallart Enzo, France,48
642.,Elsayed Amr, Egypt,48
643.,Otte Oscar, Germany,47
644.,Reymond Arthur, France,47
645.,Kang Kyle, USA,47
646.,Rivet Maxence, France,47
647.,Gadamauri Buvaysar, Belgium,47
648.,Melzer Gerald, Austria,46
649.,Forti Francesco, Italy,46
650.,Gomez Juan Sebastian, Colombia,46
651.,Polukhin Savva, Russia,46
652.,Winter Edward, Australia,46
653.,Pawelski Martyn, Poland,46
654.,Rossi Leonardo, Italy,46
655.,Bocchi Lorenzo, Italy,45
656.,Djuric Branko, Serbia,45
657.,Benchetrit Elliot, Morocco,45
658.,Tammaro Mariano, Italy,45
659.,Demanet Emilien, Belgium,45
660.,Karol Milos, Slovakia,45
661.,Jones Ben, Great Britain,45
662.,Fernandez Flores Diego, Chile,45
663.,Basing Max, Great Britain,44
664.,Badenhorst Devin, RSA,44
665.,Banerjee Samir, USA,44
666.,Stodder Timo, Germany,44
667.,Rodriguez Rodriguez Johan Alexander, Colombia,44
668.,Weber Arthur, France,44
669.,Ghibaudo Antoine, France,44
670.,Grant William, USA,44
671.,Zanellato Nicolas, Brazil,44
672.,Pontjodikromo Sidane, Netherlands,44
673.,Legout Timo, France,43
674.,Neff Adam, USA,43
675.,Decamps Gabriel, Brazil,43
676.,Malige Mae, France,43
677.,Monday Johannus, Great Britain,42
678.,Sperle John, Germany,42
679.,Vilicich Bautista, Argentina,42
680.,Saitoh Keisuke, Japan,42
681.,Privara Peter Benjamin, Slovakia,42
682.,de Schepper Kenny, France,42
683.,Arutiunian Erik, Belarus,42
684.,Moroni Gian Marco, Italy,41
685.,Ozolins Karlis, Latvia,41
686.,Mansouri Skander, Tunisia,41
687.,Vandecasteele Quinn, USA,41
688.,Raynel Amaury, France,41
689.,Tkemaladze Zura, Georgia,41
690.,Hamza Reguig Samir, Algeria,41
691.,Blanch Ulises, USA,40
692.,Voisin Emilien, France,40
693.,Chanta Thanapet, Thailand,40
694.,Rubio Fierros Alan Fernando, Mexico,40
695.,Demin Yaroslav, Russia,40
696.,Wiedenmann Luca, Germany,40
697.,McCormick Tristan, USA,40
698.,Vasa Eero, Finland,40
699.,Dancu Vlad Andrei, Romania,40
700.,Ouakaa Aziz, Tunisia,40
701.,Thanos Aristotelis, Greece,39
702.,Chung Yunseong, South Korea,39
703.,Nikles Johan, Switzerland,39
704.,Ribero Franco, Argentina,39
705.,Manzanera Pertusa Alejandro, Spain,39
706.,Philippov Evgeny, Russia,38
707.,Descotte Matias Franco, Argentina,38
708.,Loge Jack, Belgium,38
709.,Estevez Juan, Argentina,38
710.,La Vela Giuseppe, Italy,38
711.,Vankan Marlon, Germany,38
712.,Ichikawa Taisei, Japan,37
713.,Buldorini Peter, Italy,37
714.,Castagnola Luca, Italy,37
715.,Pieri Samuele, Italy,37
716.,Rocha Francisco, Portugal,37
717.,Otegui Juan Bautista, Argentina,37
718.,Giacomini Luca, Italy,37
719.,Monzon Ignacio, Argentina,37
720.,Zhukov Maxim, Russia,37
721.,Ivanovski Kalin, North Macedonia,36
722.,Claverie Lorenzo, Italy,36
723.,Hernandez Serrano Juan Alejandro, Mexico,36
724.,Lilov Victor, USA,36
725.,Schachter Noah, USA,36
726.,Beauge Maxence, France,36
727.,Klok Denys, Russia,36
728.,Dostanic Stefan, USA,35
729.,Potenza Luca, Italy,35
730.,Donski Alexander, Bulgaria,35
731.,Chirita Ioan Alexandru, Romania,35
732.,Tessa Louis, France,35
733.,Leong Mitsuki Wei Kang, Malaysia,35
734.,Brumm Jacob, USA,35
735.,Budkov Kjaer Nicolai, Norway,34
736.,Nedic Andrej, Bosnia and Herzeg.,34
737.,Radulov Iliyan, Bulgaria,34
738.,Dev S D Prajwal, India,34
739.,Echeverria John, Spain,34
740.,Boulais Justin, Canada,33
741.,Lee Duck Hee, South Korea,33
742.,Haliak Mikalai, Belarus,33
743.,Garcian Axel, France,33
744.,Zheng Michael, USA,32
745.,Donnet Etienne, France,32
746.,Deckers Alec, Netherlands,32
747.,Cina Federico, Italy,32
748.,Heinonen Adam, Sweden,32
749.,Marrero Curbelo Ivan, Spain,32
750.,Ponwith Nathan, USA,32
751.,Cornut Chauvinc Antoine, France,31
752.,Poling Karl, USA,31
753.,Zekic Miljan, Serbia,31
754.,Baris Ozan, USA,31
755.,Kravchenko Georgii, Ukraine,31
756.,Salle Fabien, France,31
757.,Altamirano Collin, USA,31
758.,Perez Contri Sergi, Spain,31
759.,Martin Dan, Canada,31
760.,Montsi Khololwam, RSA,30
761.,Huertas Del Pino Arklon, Peru,30
762.,Dedura-Palomero Diego, Germany,30
763.,Fukuda Sora, Japan,30
764.,Gorokhov Mikhail, Russia,30
765.,Furness Evan, France,30
766.,Radjenovic Vuk, Serbia,30
767.,Bonsach Ganley Kane, Denmark,30
768.,Rottoli Lorenzo, Italy,30
769.,Vithoontien Leo, Japan,30
770.,Aubriot Alexandre, France,30
771.,Wendelken Harry, Great Britain,30
772.,Young Gavin, USA,29
773.,Xilas Ioannis, Greece,29
774.,Pospisil Vasek, Canada,29
775.,Gobat Adrien, France,29
776.,Pedrico Kravtsov Albert, Spain,29
777.,Nefve Axel, USA,29
778.,Sakamoto Rei, Japan,28
779.,Filip Jakub, Czech Republic,28
780.,Ghazouani Durand Yanis, France,28
781.,Falabella Lautaro Agustin, Argentina,28
782.,Dussin Louis, France,28
783.,Jones Maximus, Thailand,28
784.,Ogura Kosuke, Japan,28
785.,Harrison Christian, USA,27
786.,Vives Marcos Pedro, Spain,27
787.,Santillan Akira, Australia,27
788.,Aguilar Juan Carlos, Canada,27
789.,Martinez Martinez Jorge, Spain,27
790.,Hurrion Millen, Great Britain,27
791.,Hilderbrand Trey, USA,27
792.,Madarasz Gergely, Hungary,27
793.,Pavel Bogdan, Romania,27
794.,Flores Jesse, Costa Rica,27
795.,Andreescu Stefan Adrian, Romania,27
796.,Romano Filippo, Italy,27
797.,Nanda Govind, USA,26
798.,Bernard Alexander, USA,26
799.,Quan Rudy, USA,26
800.,Rottgering Mees, Netherlands,26
801.,Bigun Kaylan, USA,26
802.,Fancutt Thomas John, Australia,26
803.,Masabayashi Tomohiro, Japan,26
804.,Lumsden Ewen, Great Britain,26
805.,Brady Patrick, Great Britain,26
806.,Vandermeersch Cyril, France,26
807.,Wiersholm Henrik, USA,26
808.,Jovic Viktor, Serbia,26
809.,Mochizuki Yuki, Japan,26
810.,Clark Ezekiel, USA,26
811.,Steiner Maik, Germany,26
812.,Sheehy Joshua, USA,26
813.,Bailly Pierre Yves, Belgium,25
814.,Kubler Jason, Australia,25
815.,Loutit Jack, New Zealand,25
816.,Neuchrist Maximilian, Austria,25
817.,Miyoshi Kenta, Japan,25
818.,Xiao Linang, China,25
819.,Aksu Cengiz, Turkey,25
820.,Noce Gabriele Maria, Italy,25
821.,Perfetti Noah, Italy,25
822.,Saraiva Dos Santos Paulo Andre, Brazil,25
823.,Borisiouk Martin, Belarus,24
824.,Planinsek Filip Jeff, Slovenia,24
825.,Tudorica Alvin Nicholas, Canada,24
826.,Khoeblal Elgin, Netherlands,24
827.,Marinkov Pavle, Australia,24
828.,Stater Alexander, USA,24
829.,Javia Dev, India,24
830.,Tenti Fermin, Argentina,24
831.,Hulme Matt, Australia,24
832.,Kaliyanda Poonacha Niki, India,23
833.,Rola Blaz, Slovenia,23
834.,Huertas Del Pino Conner, Peru,23
835.,Egea Franco Emanuel, Argentina,23
836.,Statham Rubin, New Zealand,23
837.,Perez Sanz David, Spain,23
838.,Becerra Otarola Ignacio Antonio, Chile,23
839.,Ribecai Michele, Italy,23
840.,Caniato Carlo Alberto, Italy,23
841.,Ferrari Francesco, Italy,23
842.,Kotzen Alexander, USA,22
843.,Bodmer Adrian, Switzerland,22
844.,Baadi Taha, Canada,22
845.,Rawat Sidharth, India,22
846.,Cardozo Joaquin, Uruguay,22
847.,Parisca Ignacio, Venezuela,22
848.,Castelnuovo Luca, Switzerland,22
849.,Yang Jimmy, Germany,22
850.,Fantini Luca, Italy,22
851.,Bertimon Maxence, France,22
852.,Crowther Corban, New Zealand,22
853.,Zhu Michael, USA,22
854.,Perot Raphael, France,21
855.,Li Zhe, China,21
856.,Schoen Patrick, Switzerland,21
857.,Eqbal Ishaque, India,21
858.,Jeong Yeongseok, South Korea,21
859.,Sinha Adit, USA,21
860.,Sureshkumar Manish, India,21
861.,Zuk Kacper, Poland,21
862.,Pearson Kody, Australia,21
863.,D'Agostino Stefano, Italy,21
864.,Catini Niccolo, Italy,21
865.,Jodar Rafael, Spain,20
866.,Sornlaksup Pawit, Thailand,20
867.,Pieczonka Filip, Poland,20
868.,Maamoun Karim-Mohamed, Egypt,20
869.,Cox Daniel, Great Britain,20
870.,Hjorth Philip, Denmark,20
871.,Bellifemine Alessandro, Italy,20
872.,Markovic Sasa, Serbia,20
872.,Reco Alexandre, France,20
874.,Martin Toby, Great Britain,20
874.,Winter Lopez Benjamin, Spain,20
876.,Matsuoka Hayato, Japan,20
877.,Bosio Gabriele, Italy,20
878.,Donald Matthew William, Czech Republic,20
879.,Singh Digvijay Pratap, India,19
879.,Woldeab Siem, USA,19
881.,Homberg Maximilian, Germany,19
882.,Stice Tyler, USA,19
883.,Samuel Toby, Great Britain,19
884.,Williams Cooper, USA,19
885.,George Benjamin Thomas, Canada,19
886.,Papamalamis Theo, France,19
887.,Ojakaar Oliver, Estonia,19
888.,Tanuma Ryota, Japan,19
889.,Kawahashi Yuta, Japan,19
890.,Skorilas Alexandros, Greece,19
891.,Carraro Luciano, Italy,19
892.,Blanch Darwin, USA,19
893.,Donev Gabriel, Bulgaria,19
894.,Court Jayden, Australia,19
895.,Pietri Benjamin, France,19
896.,Khazime Daniel, Russia,19
897.,Sumizawa Daisuke, Japan,19
898.,Trochu Pablo, France,19
899.,Lomakin Grigoriy, Kazakhstan,19
900.,Rajski Maciej, Poland,18
901.,Story James, Great Britain,18
902.,Dalmasso Guillaume, France,18
903.,Folliot Quentin, France,18
904.,Tabacco Giorgio, Italy,18
905.,Hallquist Lithen John, Sweden,18
906.,Kuhar Matt, USA,18
907.,Brunclik Petr, Czech Republic,18
908.,Watanabe Seita, Japan,18
909.,Klintcharov Alexander, New Zealand,18
910.,Brown Preston, USA,18
911.,Nunez Daniel Antonio, Chile,18
912.,Yin Bang Shuo, Chinese Taipei,18
913.,Tabacco Fausto, Italy,18
914.,Bozemoj Brian, Netherlands,18
915.,Den Heijer Guy, Netherlands,18
916.,Carboni Lorenzo, Italy,18
917.,Zakaryia Faris, Egypt,18
918.,Gutierrez Oscar Jose, Brazil,18
919.,Liu Hanyi, China,18
920.,Coppejans Kimmer, Belgium,17
921.,Manda Calin, Romania,17
922.,Lee Jea Moon, South Korea,17
923.,Simundza Josip, Croatia,17
924.,Paty Daniel, Czech Republic,17
925.,Mckennon Maxwell, USA,17
926.,Liaonenka Aliaksandr, Belarus,17
927.,Eriksson Sebastian, Sweden,17
928.,Monferrer Ezequiel, Argentina,17
929.,Fenty Andrew, USA,17
930.,Binda Alexandr, Italy,17
931.,Lanik Tomas, Slovakia,17
932.,Braynin Aleksandr, Ukraine,17
933.,Andre Seydina, Senegal,17
934.,Ivanov Saveliy, Russia,17
935.,Schell Niklas, Germany,17
936.,Beale Jeremy, Australia,16
937.,Bernet Henry, Switzerland,16
938.,Delbonis Federico, Argentina,16
939.,Hadigian Eric, USA,16
940.,Jin Jeremy, Australia,16
941.,Cerny Matyas, Czech Republic,16
942.,Angele Jaimee Floyd, France,16
943.,Wang Aoran, China,16
944.,Mashtakov Mykyta, Ukraine,16
945.,Fuele Matyas, Hungary,16
946.,Marques Diogo, Portugal,16
947.,Habib Ali, Great Britain,16
948.,Vales Amit, Israel,16
949.,Hess Sean, Argentina,16
950.,Ciavarella Niccolo, Italy,16
951.,Zielinski Marcel, Poland,16
952.,Reitano Stefano, Italy,16
953.,Nishiwaki Kazuki, Japan,16
954.,Bassem Sobhy Michael, Egypt,16
955.,Marino Pietro, Italy,16
956.,Delaney Jesse, Australia,16
957.,Jovanovic Petar, Montenegro,15
958.,Balshaw Felix, France,15
959.,Basile Pierluigi, Italy,15
960.,Friend Jay Dylan Hara, Japan,15
961.,Cozbinov Alexander, Moldavsko,15
962.,Jones Miles, USA,15
963.,De Vincentis Matteo, Italy,15
964.,Bulus Christopher, Nigeria,15
965.,Bonnaud Arthur, France,15
966.,Cavallo Fernando, Argentina,15
967.,Barnat Jiri, Czech Republic,15
968.,Tamm Kristjan, Estonia,15
969.,Kalyanpur Adil, India,15
970.,Cigarran Thiago, Argentina,15
971.,Yamanaka Taiyo, Japan,15
972.,Lobanov Aleksandr, Russia,15
973.,Suresh Dhakshineswar, India,14
974.,Perez Alfredo, USA,14
975.,Kim Aidan, USA,14
976.,Dedura-Palomero Mariano, Germany,14
977.,Lu Pengyu, China,14
978.,Markes Colin, USA,14
979.,Agarwal Rishab, India,14
980.,Azkara Arda, Turkey,14
981.,Alkaya Mert, Turkey,14
981.,Welte Milan, Germany,14
983.,Pisaric Aleksa, Serbia,14
984.,Loof Thijmen, Netherlands,14
985.,Ortenzi Gian Marco, Italy,14
986.,Tang Sheng, China,14
987.,Fix David, Germany,14
988.,Setkic Aldin, Bosnia and Herzeg.,14
989.,Curras Abasolo Tomas, Spain,14
990.,Nedelchev Nikolay, Bulgaria,14
991.,Tajima Naoki, Japan,14
992.,Simonit Ezequiel, Argentina,14
993.,Cekirge Kuzey, Turkey,14
994.,Osorio Juan Sebastian, Colombia,14
995.,Tosetto Rafael, Brazil,14
996.,Campana Federico, Italy,14
997.,Massard Loann, France,14
998.,Cazacu Dragos Nicolae, Romania,14
999.,Camus Charlie, France,14
1000.,Kriznik Matic, Slovenia,14
1001.,Makhlouf Mohamed Nazim, Algeria,14
1002.,Rubin Noah, USA,13
1003.,Pecotic Matija, Croatia,13
1004.,Jones Hayden, Australia,13
1005.,Pokotilov Boris, Russia,13
1006.,Vocel Matej, Czech Republic,13
1007.,Deschamps Thomas (1998), France,13
1008.,Summers Matthew, Great Britain,13
1009.,Mbithi Mwendwa, USA,13
1010.,Suksumrarn Thantub, Thailand,13
1011.,Basic Nikola, Croatia,13
1012.,Dong Zhenxiong, China,13
1013.,Carou Ignacio, Uruguay,13
1014.,Beloborodko Illya, Ukraine,13
1015.,Ivanov Simon Anthony, Bulgaria,13
1015.,Trinker Jonas, Austria,13
1017.,Izquierdo Luque Rafael, Spain,13
1018.,Zhu Evan, USA,13
1019.,Lehmann Nikos, Argentina,13
1020.,Kukasian Artur, Russia,13
1021.,Hrazdil Jan, Czech Republic,13
1022.,Bacaloni Andrea, Italy,13
1022.,De Jonge Daniel, Netherlands,13
1022.,Matsuda Koki, Japan,13
1025.,Kirci Koray, Turkey,13
1026.,Marinescu Mihai Razvan, Romania,13
1027.,Szajrych Jasza, Poland,13
1028.,Kicker Nicolas, Argentina,12
1028.,Nedelko Ivan, Russia,12
1028.,Omarkhanov Amir, Kazakhstan,12
1031.,Lopez San Martin Alvaro, Spain,12
1032.,Kotzen Nicolas Ian, USA,12
1033.,Mitsui Shunsuke, Japan,12
1034.,Lootsma Niels, Netherlands,12
1035.,Anthrop Jack, USA,12
1036.,Laaksonen Henri, Switzerland,12
1037.,Safonov Aristarkh, Russia,12
1038.,Nidunjianzan Fnu, China,12
1039.,Dominko Sebastian, Slovenia,12
1040.,Hornitschek Nico, Germany,12
1041.,Weightman Oscar, Great Britain,12
1042.,Pham Derek, Australia,12
1043.,Fishback Ryan, USA,12
1044.,Nordquist Arvid, Sweden,12
1045.,Ito Tatsuma, Japan,12
1046.,M Rifki Fitriadi, Indonesia,12
1047.,Turker Mert Naci, Turkey,12
1048.,Sorrentino Luigi, Italy,12
1049.,Miletich Iannis, Italy,12
1050.,Lalami Laaroussi Younes, Morocco,12
1051.,Verbin Pavel, Russia,12
1052.,Jin Yuquan, China,12
1053.,Azoides Demetris, Greece,12
1054.,Poljak David, Czech Republic,12
1055.,Ruehl Tim, Germany,12
1056.,Delage Pierre, France,12
1057.,Kupcic Jan, Slovenia,12
1058.,Callejon Hernando Sergio, Spain,12
1059.,Calvano Giovanni, Italy,12
1060.,Perruzza Valerio, Italy,12
1061.,Butulija Boris, Serbia,12
1062.,Duran Tuncay, Turkey,11
1063.,Masjuan Ginel Pablo, Spain,11
1064.,Rodenas Pedro, Spain,11
1065.,Yamasaki Jumpei, Japan,11
1066.,Braithwaite Thomas, Australia,11
1067.,Escurra Isnardi Hernando Jose, Paraguay,11
1068.,Lipp Mika, Germany,11
1069.,Baroni Niccolo, Italy,11
1070.,Atlangeriev Bekkhan, Russia,11
1071.,Strode Elijah, USA,11
1072.,Fiorentini Andrea, Italy,11
1073.,Ifi Nicolas, Belgium,11
1074.,Denisov Ivan, Russia,11
1075.,Nagel Arthur, France,11
1076.,Bagnolini Daniel, Italy,11
1077.,Oumaouche Rayane, France,11
1078.,Fernandez Bruno, Brazil,11
1079.,Whitehouse Mark, Great Britain,11
1080.,Zima Leopold, Germany,11
1081.,Dhamne Manas, India,11
1082.,O'Hoisin Osgar, Ireland,11
1083.,Forger Abel, Netherlands,11
1084.,Kawachi Kazuma, Japan,11
1085.,Londero Juan Ignacio, Argentina,10
1086.,Craig Corey, USA,10
1087.,Aguiard Enzo, Australia,10
1087.,Park Uisung, South Korea,10
1087.,Rodrigues Pedro, Brazil,10
1090.,Overbeck Carl Emil, Denmark,10
1091.,Dietrich Dylan, Switzerland,10
1092.,Puttergill Calum, Australia,10
1093.,Gorzny Sebastian, USA,10
1093.,Staeheli Luca, Switzerland,10
1095.,Gregg Perry, USA,10
1096.,Jones Scott, Australia,10
1097.,Zhao Zhao, China,10
1098.,Milojevic Nikola, Serbia,10
1099.,Bennani Reda, Morocco,10
1100.,Latinovic Stefan, Serbia,10
1101.,Becroft Isaac, New Zealand,10
1102.,Bilardo Jacopo, Italy,10
1103.,Gomez Emilio, Ecuador,10
1104.,Hazawa Shinji, Japan,10
1105.,Ferguson Chase, Australia,10
1106.,Prechtel Sebastian, Germany,10
1107.,Matsumura Ryotaro, Japan,10
1108.,Shin Maksim, Uzbekistan,10
1109.,Malgaroli Leonardo, Italy,10
1110.,Fomba Luc, France,10
1111.,Ho Ray, Chinese Taipei,10
1112.,Berkieta Tomasz, Poland,10
1113.,Rodriguez-Pace Ricardo, Venezuela,10
1114.,Puskar Samuel, Slovakia,10
1115.,Woerner Paul, Germany,10
1116.,Shimanov Ofek, Israel,10
1117.,Srbljak Gorazd, North Macedonia,10
1118.,Ujvary Matthias, Austria,10
1119.,Van Schalkwyk Connor Henry, Namibia,9
1120.,Miedler Lucas, Austria,9
1121.,Navasirisomboon Jirat, Thailand,9
1122.,Oh Chan-Yeong, South Korea,9
1123.,Dlimi Yassine, Morocco,9
1124.,Deflandre Leo, France,9
1125.,Vardhan Vishnu, India,9
1126.,Dahlin Max, Sweden,9
1127.,Ostapenkov Daniil, Belarus,9
1128.,Gabashvili Teimuraz, Russia,9
1128.,Lim Alberto, Philippines,9
1128.,Panarin Danil, Russia,9
1131.,Alvarez Valdes Luis Carlos, Mexico,9
1132.,Iakubenko Volodymyr, Ukraine,9
1133.,Chopra Keshav, USA,9
1134.,Rapagnetta Daniele, Italy,9
1135.,Krajci Michal, Slovakia,9
1136.,Jadoun Nicolas John, France,9
1137.,Charlton Joshua, Australia,9
1138.,Turriziani Alvarez Alejandro, Spain,9
1139.,Elicha Navas Gabriel, Spain,9
1140.,Sheyngezikht Leonid, Bulgaria,9
1141.,Tonejc Vito, Croatia,9
1142.,Jang Yunseok, South Korea,9
1143.,Raquillet Leo, France,9
1144.,Alkotop Mousa, Jordan,9
1144.,Genier Tanguy, Switzerland,9
1146.,Bol Jurriaan, Netherlands,9
1146.,Villalon Nicolas, Chile,9
1148.,Ryan Ziegann Sam, Australia,9
1149.,Walters Marcus, Great Britain,9
1150.,Misasi Giannicola, Italy,9
1151.,Poertner Lasse, Germany,9
1152.,Di Natale Gian Matias, Italy,9
1153.,Kaukovalta Patrick, Finland,9
1154.,Cash Robert, USA,8
1154.,Millman John, Australia,8
1156.,Ivanov Ivan, Ukraine,8
1156.,Ocleppo Julian, Italy,8
1158.,Mridha Jonathan, Sweden,8
1159.,Tiukaev Ruslan, Russia,8
1160.,Hipfl Nico, Austria,8
1161.,Sigsgaard Christian, Denmark,8
1162.,Filar Karol, Poland,8
1163.,Morandais Jean-Christian, Guadeloupe,8
1164.,Metreveli Aleksandre, Georgia,8
1164.,Minighini Daniele, Italy,8
1166.,Watt James, New Zealand,8
1167.,Aguilar Cardozo Federico, Uruguay,8
1168.,Melero Kretzer Alejandro, Spain,8
1169.,Molder Markus, Estonia,8
1170.,Nandal Yuvan, India,8
1171.,Chayka Aleksander, Russia,8
1171.,Kielan Szymon, Poland,8
1173.,Duhan Chirag, India,8
1173.,Lorusso Lorenzo, Italy,8
1175.,Garcia Mestre Jordi, Spain,8
1176.,Donders Dax, Netherlands,8
1177.,Van Emburgh Jake, USA,8
1178.,Haase Robin, Netherlands,7
1178.,Sousa Pedro, Portugal,7
1180.,Dubrivnyy Artem, Russia,7
1181.,Romboli Fernando, Brazil,7
1182.,Robertson Charlie, Great Britain,7
1183.,Bennani Karim, Morocco,7
1184.,Ahti Vesa, Finland,7
1185.,Wallin Olle, Sweden,7
1186.,Salvestre Damien, France,7
1187.,Browning Tauheed, USA,7
1187.,Kopeikin Valentin, Russia,7
1189.,Christodoulou Stylianos, Cyprus,7
1190.,Martin Manzano Juan Cruz, Italy,7
1191.,Ambarzumjan Edison, Germany,7
1191.,Mu Tao, China,7
1193.,Kamath Madhwin, India,7
1194.,Basel Valentin, Argentina,7
1194.,Little Daniel, Great Britain,7
1196.,Ludoski Zoran, Serbia,7
1197.,Bronzetti Alberto, Italy,7
1198.,Saritas Gokberk, Turkey,7
1199.,Vulpitta Gabriele, Italy,7
1200.,Petrov Alexander, Bulgaria,7
1201.,Hoyos Alejandro, Colombia,7
1202.,Boros Attila, Hungary,7
1203.,Tsitsipas Pavlos, Greece,7
1204.,Alimli Mikail, France,7
1205.,Bruna Nicolas, Chile,7
1205.,Gola Andrea, Italy,7
1207.,Van Orderlain Drew, USA,7
1208.,Simkiss Luke, Great Britain,7
1209.,Bass Finn, Great Britain,7
1210.,Jaisinghani Raghav, India,7
1211.,Lane Lewie, Germany,7
1211.,Vujic Stefan, Australia,7
1213.,Caruso Antonio, Italy,7
1214.,Bidan Fadi, Lebanon,7
1214.,Faucon Romain, Belgium,7
1214.,Perez Brandon, Venezuela,7
1217.,Dickerson Ryan, USA,7
1218.,Speziali Filippo, Italy,7
1219.,Kalina Vit, Czech Republic,7
1220.,Efstathiou Menelaos, Cyprus,7
1221.,Park Seung Min, South Korea,7
1222.,Arcila Alejandro, Colombia,6
1222.,King Darian, Barbados,6
1224.,Moraing Mats, Germany,6
1225.,Lee Karl, USA,6
1226.,Coquelin Hugo, Great Britain,6
1227.,Ciric Aleksa, Serbia,6
1227.,Danilov Savriyan, Russia,6
1227.,Stirbu Calin Teodor, Romania,6
1230.,Anderson Oliver Clark, Australia,6
1231.,Gagliardo Lorenzo, Italy,6
1231.,Moret Joris, France,6
1233.,Tracy James, USA,6
1234.,Setodji Thomas Yaka Kofi, France,6
1235.,Lama Gonzalo, Chile,6
1236.,Jansen William, Great Britain,6
1236.,Johnson Spencer, USA,6
1238.,Rodrigues Natan, Brazil,6
1238.,Sarr Jelani, USA,6
1240.,Castaneda Mateo, Colombia,6
1241.,Paolini Andrea, Italy,6
1241.,Salazar Daniel, Colombia,6
1243.,Walch Antoine, France,6
1244.,Heredia Samuel, Colombia,6
1245.,De Almeida Joaquim, Brazil,6
1245.,Perego Giulio, Italy,6
1247.,Gaal Corey, Australia,6
1247.,Kobierski Jan, Austria,6
1247.,Schifris Jeremy, Germany,6
1250.,Coccioli Alessandro, Italy,6
1251.,Urribarrens Ramirez Iker, Spain,6
1252.,Benchakroun Mehdi, Morocco,6
1252.,Brosset Samuel, France,6
1252.,Casanova Andrin, Switzerland,6
1255.,Han Seon Yong, South Korea,6
1256.,Catry Robin, France,6
1256.,Razeghi Alexander, USA,6
1258.,Ramskogler Gregor, Austria,6
1258.,Scaglia Mathieu, France,6
1258.,Schnaitter Jakob, Germany,6
1258.,Simonsson Fred, Sweden,6
1262.,Tokuda Renta, Japan,6
1263.,Ganesan Adhithya, USA,6
1264.,Lemstra Kai, Germany,6
1265.,Marysko Vincent, Germany,6
1266.,Parizzia Nicolas, Switzerland,6
1266.,Van Sambeek Fons, Netherlands,6
1268.,Frusina Alexander, USA,6
1269.,Carnevalle Lucio, Argentina,6
1269.,Houghton George, Great Britain,6
1271.,Ianin Nikita, Russia,6
1272.,Genov Anthony, Bulgaria,6
1273.,Zgirovsky Alexander, Belarus,6
1274.,Pel Stijn, Netherlands,6
1275.,Sakellaridis Dimitris, Greece,6
1276.,Agostini Simone, Italy,6
1277.,Lopez Noah, Switzerland,6
1278.,Del Pino Mateo, Argentina,6
1279.,Gojowczyk Peter, Germany,5
1280.,Hoole Casey, Australia,5
1281.,Kalovelonis Markos, Greece,5
1281.,Petkovic Mika, Germany,5
1283.,Iradukunda Guy Orly, Burundi,5
1283.,Vasilev Alexander, Bulgaria,5
1285.,Catarina Lucas, Monaco,5
1285.,Moundir Adam, Morocco,5
1287.,McDaniel Marcus, USA,5
1288.,Heck Hunter, USA,5
1288.,Sakharov Gleb, France,5
1288.,Turcanu Radu David, Romania,5
1291.,Van Der Meerschen Martin, Belgium,5
1292.,Maxted Lui, Great Britain,5
1293.,Gannon Conor, Ireland,5
1294.,Matsuoka Shu, Japan,5
1294.,Trouve Nathan, France,5
1296.,Cuenin Sean, France,5
1296.,De Bakker Thiemo, Netherlands,5
1296.,Esquici Lorenzo, Brazil,5
1296.,Nasridinov Amirkhamza, Russia,5
1296.,Ross Jackson, USA,5
1301.,Maksimovic Marko, Serbia,5
1301.,Viiala Zachary, Australia,5
1303.,Jordan Phillip, USA,5
1304.,Basile Alessio, Belgium,5
1305.,Jecan Mircea-Alexandru, Romania,5
1306.,Mrva Maxim, Czech Republic,5
1307.,Harper Cleeve, Canada,5
1307.,Paardekooper Stijn, Netherlands,5
1309.,El Sallaly Akram, Egypt,5
1309.,Sorensen Luke, Australia,5
1311.,Alazmeh Taym, Germany,5
1311.,Moghimi Sina, Iran,5
1311.,Papoe Cezar Gabriel, Romania,5
1311.,Wallner Mark, Germany,5
1315.,Chen Charles, China,5
1315.,Ellouck Ron, Israel,5
1315.,Luis Tomas, Portugal,5
1315.,Steinegger Yannik, Switzerland,5
1315.,Stephens Zach, Great Britain,5
1315.,Vojinovic Lazar, Serbia,5
1321.,Lagarrigue Leo, France,5
1322.,Meng Cing-Yang, Chinese Taipei,5
1323.,Sun Qian, China,5
1324.,Breazu Vlad Cristian, Romania,5
1325.,Bouchelaghem Cesar, France,5
1325.,Magadan Alan, Mexico,5
1327.,Chan Baratau Marcos Lee, Ecuador,5
1327.,Plunger Manuel, Italy,5
1327.,Torrealba Benjamin, Chile,5
1327.,Van Tilburg Ronetto, Netherlands,5
1331.,Ingildsen Johannes, Denmark,5
1331.,Ribeiro Lago Elio Jose, Italy,5
1331.,Sim Seongbin, South Korea,5
1334.,Hans Kabir, India,5
1335.,Gschwendtner Jeremy, Great Britain,5
1335.,Rocens Martins, Latvia,5
1337.,Mujakic Alen, Germany,5
1337.,Tepmahc Nicolas, France,5
1339.,Forcano Ignasi, Spain,5
1339.,Kudriashov Igor, Russia,5
1339.,Okamura Issei, Japan,5
1342.,Namigandet Tenguere Loic, France,5
1343.,Dimic Matic, Slovenia,5
1343.,Fernandes Rodrigo, Portugal,5
1343.,Inui Yuichiro, Japan,5
1346.,Alujas Rodrigo, Mexico,5
1346.,Dinev Dinko, Bulgaria,5
1348.,Banthia Siddhant, India,5
1349.,Torres Fernandez Benjam√≠n Ignacio, Chile,5
1350.,Michalik Radovan, Slovakia,5
1351.,Mouilleron Salvo Manuel, Argentina,5
1352.,Oplustil Patrik, Czech Republic,5
1353.,Pampanin Pietro, Italy,5
1354.,Coman Mihai Alexandru, Romania,5
1355.,Sinha Nitin Kumar, India,5
1356.,Dong Chen, Australia,4
1356.,Laurent Thomas, France,4
1356.,Spadola Alessandro, Italy,4
1356.,Tacchi Luciano, Argentina,4
1360.,Connel James, Great Britain,4
1360.,Schnur Brayden, Canada,4
1360.,Sugaya Yusaku, Japan,4
1363.,Yuzuki Takeru, Japan,4
1364.,Barki Justin, Indonesia,4
1364.,Nouza Petr, Czech Republic,4
1364.,Romios Matthew Christopher, Australia,4
1364.,Zormann Marcelo, Brazil,4
1368.,Martinez Serrano Mario, Spain,4
1369.,Bhat Aayush P., USA,4
1369.,Ingarao Alessandro, Italy,4
1369.,Leote Prata Vasco, Portugal,4
1369.,Matthysen Leo, RSA,4
1369.,Preda Luca, Romania,4
1374.,Jilly Adam, Hungary,4
1375.,Kolyachev Nikola, Bulgaria,4
1375.,Von Der Schulenburg Jeffrey, Switzerland,4
1375.,Zhang Yu, China,4
1378.,Apltauer Filip, Czech Republic,4
1378.,Kis Balazs Rafael, Hungary,4
1378.,Schlageter Justin, Germany,4
1378.,Zamora Noah, USA,4
1382.,Kusuhara Yusuke, Japan,4
1382.,Thurner Noah, Germany,4
1382.,Valsecchi Paul, France,4
1385.,Koenig Luc, Great Britain,4
1385.,Urrea Andres, Colombia,4
1385.,Vasa Iiro, Finland,4
1388.,Brown Thomas, USA,4
1388.,Mora Maxime, France,4
1390.,Augusto Dos Santos Ryan, Brazil,4
1390.,Pascual Ferra Roger, Spain,4
1390.,Storrie Ryan James, Great Britain,4
1390.,Yu Bingyu, China,4
1394.,Fernandez Canovas Andres, Spain,4
1394.,Hodkin Sean, Great Britain,4
1394.,Renard Lucas, Sweden,4
1397.,Fassbender Boris, France,4
1398.,Roveri Sidney Gabriel, Brazil,4
1399.,Garcia Alejandro, Spain,4
1399.,Van Zijl Twan, Netherlands,4
1399.,Zeng Yaojie, China,4
1402.,Brkic Jerko, Croatia,4
1403.,Duda Filip, Czech Republic,4
1403.,Kalender Admir, Croatia,4
1403.,Rengifo Frazier, Colombia,4
1403.,Wendler Filho Jefferson, Brazil,4
1407.,Cook Ethan, Australia,4
1407.,Galimardanov Oscar, Russia,4
1407.,Juhas Kristijan, Serbia,4
1407.,Lanz Mischa, Switzerland,4
1407.,Nad Peter, Slovakia,4
1407.,Nakagawa Shunsuke, Japan,4
1407.,Naumovski Mason, Australia,4
1407.,Sevilla Iker, Spain,4
1415.,Hornung Gabor, Hungary,4
1416.,Collignon Kylian, Belgium,4
1417.,Hopp Michel, Germany,4
1417.,Zhang Changli, China,4
1419.,Fellin Pietro Orlando, Italy,4
1419.,Petrovic Drazen, Bosnia and Herzeg.,4
1419.,Price Pelaez Salvador, Colombia,4
1419.,Stanke Cedric, Germany,4
1419.,Valente Rocco, Argentina,4
1419.,Werren Paul, Austria,4
1425.,Ghetu Gabriel, Romania,4
1425.,Zhang Linghao, China,4
1427.,Stringer Tristan, USA,4
1428.,Iamachkine Petr, Peru,4
1429.,Lavizzari Matteo, Switzerland,4
1429.,Rispoli Nicola, Italy,4
1431.,Fondriest Matteo, Italy,4
1432.,Barbier Gazeu Paul, France,4
1432.,Gloeckler Michael, Austria,4
1434.,Elamin Ammar, Ireland,4
1435.,Ibrahim Karim, Egypt,4
1435.,Sciahbasi Lorenzo, Italy,4
1437.,Aggarwal Parth, India,4
1437.,Majdandzic Marc, Germany,4
1439.,Kazakov Ivan, Russia,4
1440.,Sach Tai, Australia,4
1441.,Brymer Gage, USA,3
1441.,Kadhe Arjun, India,3
1443.,Gruenig Gian, Switzerland,3
1443.,Menezes Joao, Brazil,3
1443.,Siniakov Daniel, Czech Republic,3
1443.,Zongbing Yu, China,3
1447.,Henning Benedikt, Germany,3
1447.,Humpfner Kevin, Germany,3
1447.,Liutarevich Ivan, Belarus,3
1447.,Petak Denis, Czech Republic,3
1447.,Sanchez Martinez Benito, Germany,3
1447.,Uesugi Kaito, Japan,3
1447.,Valiev Ilgiz, Russia,3
1447.,Woestendick Cooper, USA,3
1447.,Ymer Rafael, Sweden,3
1447.,You Junghee, Canada,3
1457.,Boosarawongse Thanaphat, Thailand,3
1457.,Drzewiecki Karol, Poland,3
1457.,Ehrenschneider Nino, Germany,3
1457.,Katayama Sho, Japan,3
1457.,Nadaf Hamid Reza, Iran,3
1457.,Ravichander Ishaan, USA,3
1457.,Rejchtman Vinciguerra William, Sweden,3
1457.,Stoupe George, New Zealand,3
1457.,Tripathi Aadarsh, USA,3
1466.,Baum Stepan, Czech Republic,3
1466.,Huens Harold, Belgium,3
1468.,Ilkel Berk, Turkey,3
1468.,Massacri Benito, Italy,3
1468.,Tobon Miguel, Colombia,3
1471.,Bieldiugin Tymur, Ukraine,3
1471.,Djosic Nikola, Switzerland,3
1471.,Karahan Atakan, Turkey,3
1471.,Novakovic Novak, Serbia,3
1471.,Okonkwo Oliver, Great Britain,3
1471.,Ruland Lambert, Germany,3
1471.,Sau Franco Alan, Mexico,3
1471.,Seateun Nathan, France,3
1471.,Shepp Anton, New Zealand,3
1480.,Garay Valentin, Argentina,3
1480.,Mazza Manuel, Italy,3
1480.,Mazzola Filippo, Italy,3
1480.,Recek Dominik, Czech Republic,3
1480.,Sadaoui Mehdi, France,3
1485.,Kohlmann de Freitas Enzo, Brazil,3
1485.,Vasquez Gehrke Alessio, Germany,3
1485.,Wang Qiulin, China,3
1488.,Bolla Andrea, Italy,3
1488.,Kissell Chad, USA,3
1488.,Lee Kuan-Yi, Chinese Taipei,3
1491.,Lerby Christian, Netherlands,3
1491.,Stuurman Roland, Netherlands,3
1491.,Szymkowiak Kacper, Poland,3
1491.,Trkulja Sasha, Canada,3
1496.,Bojarski Alan, Poland,3
1496.,Cohen Aaron (2002), Israel,3
1496.,Giraldi Carlos, Spain,3
1496.,Jermar Jan, Czech Republic,3
1496.,Malaszszak Markus, Germany,3
1496.,Stenzer Max, Germany,3
1502.,Faurel Thomas, France,3
1502.,Ferri Lorenzo, Italy,3
1502.,Pierre Hugo, France,3
1502.,Reveniau Simon, France,3
1502.,Uta Daniel, Romania,3
1507.,Gerbaud Thomas, France,3
1508.,Hampe Stefan Peter, Germany,3
1508.,Harper Mitchell, Australia,3
1508.,Hernandez Carles, Spain,3
1508.,Jones Adam, Great Britain,3
1508.,Nedev Dian, Bulgaria,3
1513.,Koaykul Krittin, Thailand,3
1513.,Panak Yvo, Czech Republic,3
1513.,Shebekin Grigory, Russia,3
1513.,Silva Tiago, Portugal,3
1513.,Tailleu Pierre Antoine, France,3
1518.,Dzhenev Adriano, Bulgaria,3
1518.,Fahim Ilyas, Morocco,3
1518.,Fossati Alberto, Italy,3
1518.,Goodger Joshua, Great Britain,3
1518.,Lapalu Valentin, France,3
1518.,Lechno-Wasiutynski Fryderyk, Poland,3
1518.,Lestir Loan, France,3
1518.,Milushev Amir, Uzbekistan,3
1518.,Pieleanu Rares Teodor, Romania,3
1518.,Vincent Antoine, France,3
1528.,Hanzlik Cash, USA,3
1529.,Chaiyarin Credit, Thailand,3
1530.,Fu Hong-Lin, Chinese Taipei,3
1530.,Gil Garcia Aaron, Luxembourg,3
1530.,Ratti Lucio, Argentina,3
1530.,Rivera Leyton, Norway,3
1534.,Nesterov Alexey, Russia,3
1534.,Pogosian Sergei, Russia,3
1536.,Bynoe Evan, USA,3
1536.,Canter Alexis, Great Britain,3
1536.,Furlanetto Marco, Italy,3
1536.,Goncalves Ceolin Joao Vitor, Brazil,3
1536.,Kikuchi Yuta, Japan,3
1536.,Lazaro Juncadella Manel, Spain,3
1536.,Lucero Joel Angel, Argentina,3
1536.,Lyeons Jaycer, USA,3
1536.,Salazar Amador, Chile,3
1536.,Weir Phoenix, Great Britain,3
1546.,Panaras Adam, France,3
1547.,Konov Samuil, Bulgaria,3
1547.,Marques Goncalo, Portugal,3
1547.,Papac Tomislav Edward, Australia,3
1547.,Waldner Niklas, Austria,3
1547.,Zusman Richard, USA,3
1552.,De Michele Fabio, Italy,3
1552.,Figl Maximilian, Italy,3
1552.,Freire Da Silva Adan, France,3
1552.,Spiridon Denis Constantin, Italy,3
1556.,Roberts Justin, Bahamas,3
1557.,Franco Tobias, Argentina,3
1557.,Shaw Michael, Great Britain,3
1559.,Alvarado Berrospi Alberto Odiseo, Peru,3
1560.,Avcibasi Toprak, Turkey,3
1561.,Aduru Vishwa, USA,2
1561.,Andrade Da Silva Lucas, Brazil,2
1561.,Byers Loren Thomas, USA,2
1561.,Capalbo Franco, Argentina,2
1561.,Cervantes Inigo, Spain,2
1561.,Colas Sanchez Alberto, Spain,2
1561.,Colby Ryan, USA,2
1561.,Diaz Jalil Angel, Ecuador,2
1561.,Gerini Tomas, Italy,2
1561.,Hermans Mats, Netherlands,2
1561.,Hoeyeraal Herman, Norway,2
1561.,Johnson Luke, Great Britain,2
1561.,King Kevin, USA,2
1561.,Lee Jeong Heon, South Korea,2
1561.,Llanes Francisco, Uruguay,2
1561.,Mashni Zaid, Jordan,2
1561.,Mayew Ian, USA,2
1561.,Olaso Guillermo, Spain,2
1561.,Sada Iacopo, Italy,2
1561.,Zeballos Federico, Bolivia,2
1581.,Arseneault Nicolas, Canada,2
1581.,Cizek Jiri, Czech Republic,2
1581.,Corbinais Sven, France,2
1581.,Hernandez Cortes Bryan, Spain,2
1581.,Kucera Jonas, Czech Republic,2
1581.,Linde Palacios Samuel Alejandro, Colombia,2
1581.,Planelles Ripoll Gerard, Spain,2
1581.,Siekanowicz Piotr, Poland,2
1581.,Stepanov Timofey, Belarus,2
1581.,Tremblay Dorian, France,2
1591.,Azuma Ryuhei, Japan,2
1591.,Bigun Meecah, USA,2
1591.,Bobichon Matisse, France,2
1591.,Branger Liam, France,2
1591.,Georgiev Georgi, Bulgaria,2
1591.,Gray Spencer, USA,2
1591.,Haviland Ryan, USA,2
1591.,Lusovsky Michal, Czech Republic,2
1591.,Protic Zakelj Jaka, Slovenia,2
1591.,Raisma Kenneth, Estonia,2
1591.,Rodrigues Laelson, Brazil,2
1591.,Rodriguez Sebastian, Peru,2
1591.,Sabas Martin, France,2
1591.,Yamacita Fernando, Brazil,2
1605.,Alam Peter, Great Britain,2
1605.,Berge Nourescu Alejandro Mateo, Romania,2
1605.,Britto Luis, Brazil,2
1605.,Cherie Ligniere Edoardo, Italy,2
1605.,Chin John, Jamaica,2
1605.,Cundom Julian, Argentina,2
1605.,Graca Joao, Portugal,2
1605.,Kam Alan, Mexico,2
1605.,Shumilov Eyal, Israel,2
1605.,Van Loben Sels Emon, USA,2
1615.,Chrysochos Petros, Cyprus,2
1615.,Divar Carlos, Spain,2
1615.,Godsick Nicholas, USA,2
1615.,Herman Louis, Belgium,2
1615.,Kelly Dayne, Australia,2
1615.,Klaassen Stian, Netherlands,2
1615.,Ljubojevic Aleksandar, Serbia,2
1615.,Markov Viktor, Bulgaria,2
1615.,Massara Antonio, Italy,2
1615.,Mayew Will, USA,2
1615.,Milic Ognjen, Serbia,2
1615.,Murgett Finn, Great Britain,2
1615.,Oliveira Nicolas, Brazil,2
1615.,Ou Shan-Yuan, Chinese Taipei,2
1615.,Poritzky Elijah, USA,2
1615.,Sanchez Manuel, Mexico,2
1615.,Silva Joao, Portugal,2
1615.,Van Der Merwe Marc, RSA,2
1615.,Van Rensburg Sean, Australia,2
1634.,Cheng Jack, Hong Kong,2
1634.,Cortegiani Alessandro, Italy,2
1634.,Hsieh William, USA,2
1634.,Lapadat Joshua, Canada,2
1634.,Ozdemir S Mert, Turkey,2
1634.,Sorbo Jonathan, Canada,2
1634.,Walkin Brandon, Great Britain,2
1634.,Wang Xiaofei, China,2
1634.,Weekes Jaden, Canada,2
1643.,Aguilera Guerrero Emiliano, Mexico,2
1643.,Balciunas Manvydas, Netherlands,2
1643.,Bara Filip Gabriel, Romania,2
1643.,Bilozertsev Nikita, Ukraine,2
1643.,Chu Seokhyeon, South Korea,2
1643.,Civita Telles Leonardo, Brazil,2
1643.,De Jager Jesse, Netherlands,2
1643.,Evans Gabriel, USA,2
1643.,Hayashi Kohei, Japan,2
1643.,Jucha William, France,2
1643.,Kastsiukevich Ruslan, Belarus,2
1643.,Kim Jae Hwan, South Korea,2
1643.,Kunsuwan Natthasith, Thailand,2
1643.,Leal Vitor, Brazil,2
1643.,Longwe-Smit Thando, RSA,2
1643.,Miklavcic Luka, Slovenia,2
1643.,Parenti Luca, Italy,2
1643.,Plans Jorge, Spain,2
1643.,Smoliner Tobias, Austria,2
1643.,Strode Isaiah, USA,2
1643.,Tadic Vladan, Bosnia and Herzeg.,2
1643.,Velcz Zsombor, Hungary,2
1643.,Verdes Eric David, Romania,2
1643.,Vickery Lachlan, Australia,2
1667.,Guzauskas Gabrielius, USA,2
1667.,Moroni Filippo, Italy,2
1667.,Pang Renlong, China,2
1667.,Photiades Photos, Cyprus,2
1667.,Schlagenhauf Noah, Germany,2
1672.,Amoros Ramos Pol, Spain,2
1672.,Bayldon Blake, Australia,2
1672.,Catanzariti A.J., USA,2
1672.,Chen Xing Dao, China,2
1672.,Crisostomo Giacomo, Italy,2
1672.,Funk Aaron, Germany,2
1672.,Giotis Rafael, Germany,2
1672.,Horak Ondrej, Czech Republic,2
1672.,Ilhan Marsel, Turkey,2
1672.,Kamrowski Marcel, Poland,2
1672.,Kremenchutskyi Ivan, Ukraine,2
1672.,Mansilla Diez Mario, Spain,2
1672.,Mehrotra Arjun, Australia,2
1672.,Pagnacco Felipe, Argentina,2
1672.,Phillips Joseph, USA,2
1672.,Segura Matthew, USA,2
1672.,Stearns Preston, USA,2
1672.,Yazdani Ali, Iran,2
1672.,Zhang Jeremy, Australia,2
1691.,Horak Vitek, Czech Republic,2
1691.,Jakic Marino, Croatia,2
1691.,Zhang Tianhui, China,2
1694.,Asaba Abraham, Ghana,2
1694.,Bancalari Alejandro, Chile,2
1694.,Boyd Kalman L., USA,2
1694.,Bueno Gil Alvaro, Spain,2
1694.,Caldes Jaime, Spain,2
1694.,De Giorgio Pasquale, Italy,2
1694.,De La Fuente Santiago, Argentina,2
1694.,Dell'elba Vito, Italy,2
1694.,Ganesh Manish, India,2
1694.,Gray Timothy, Australia,2
1694.,Hartig Ruben, Germany,2
1694.,Jauregui Sainz De Rozas Rodolfo, Mexico,2
1694.,Kokot Bruno, Poland,2
1694.,Krapivin Maxim, Russia,2
1694.,Kumar Pranav, USA,2
1694.,March Cayetano, Ecuador,2
1694.,Markovits Milan, Hungary,2
1694.,Meneo Tadeo, Argentina,2
1694.,Nakamura Ren, Japan,2
1694.,Nakashima Bryce Nakashima, USA,2
1694.,Opitz Jannik, Germany,2
1694.,Pinto Lucca, Brazil,2
1694.,Shanmugam Abhinav Sanjeev, India,2
1694.,Shick Braden, USA,2
1694.,Virali-Murugesan Ranjeet, India,2
1694.,Virgili Berini Felipe, Italy,2
1720.,Aitkulov Arslanbek, Kazakhstan,2
1720.,Muamba Nicaise, Canada,2
1722.,Agabigun Sarp, Turkey,2
1722.,Aleshchev Alexey, Russia,2
1722.,Alvarez Sarmiento Mateo Luis, Spain,2
1722.,Benaim Max, Great Britain,2
1722.,Grevelius Erik, Sweden,2
1722.,Horoz Alp, Turkey,2
1722.,Kelm Yannik, Germany,2
1722.,Krolo Filip, Germany,2
1722.,Kroslak Jakub, Slovakia,2
1722.,Markovina Duje, Croatia,2
1722.,Mikovic Milos, Serbia,2
1722.,Nithithananont Natthayut, Thailand,2
1722.,Oliver Moratalla Vicente, Spain,2
1722.,Pena Enrique, Colombia,2
1722.,Philibert Nicolas, Great Britain,2
1722.,Suzuki Ko, Japan,2
1722.,Vanta Valentin, Romania,2
1722.,Volpi Gabriele, Italy,2
1722.,Weintraub Ben, Israel,2
1741.,Miceli Marco, Italy,2
1742.,Berger Antoine, France,2
1742.,Cervantes Tomas Ian Luca, Mexico,2
1742.,Falck Reece, New Zealand,2
1742.,Khamis Yusuf, Egypt,2
1742.,Mikovic Nik, Slovenia,2
1742.,Pujol Navarro Bruno, Spain,2
1742.,Reddy Rishi, India,2
1749.,Cabrera Miguel Angel, Chile,2
1749.,Edengren Kevin, Sweden,2
1749.,Kountourakis Ioannis, Greece,2
1749.,Lazarov George, Bulgaria,2
1749.,Schinteie Gheorghe Claudiu, Romania,2
1754.,Loureiro Joao Victor Couto, Brazil,2
1755.,Bhatnagar Shivank, India,2
1755.,Maute Jannik, Germany,2
1755.,Onofrei Matei Cristian, Romania,2
1758.,Chepik Alexander, Russia,2
1758.,Tresca Giuseppe, Italy,2
1760.,Calzi Raphael, Luxembourg,2
1761.,Karlsson Wistrand Jack, Sweden,2
1761.,Martinez Louroi, Switzerland,2
1763.,Al-Amin Karim, Germany,1
1763.,Alam Shaheed, Singapore,1
1763.,Alexandrescou Yannick Theodor, Romania,1
1763.,Bancila Alex, USA,1
1763.,Blaydes Freddy, Great Britain,1
1763.,Brancatelli Gabriele Thomas, USA,1
1763.,Brockett Stiles, USA,1
1763.,Bullard Jacob, USA,1
1763.,Campese Cristian, Italy,1
1763.,Car Hugo, France,1
1763.,Carlsson Seger Timothy, Sweden,1
1763.,Cattaneo Leonardo, Italy,1
1763.,Cernoch Brian, USA,1
1763.,Chan Duncan, Canada,1
1763.,Chauhan Hitesh, India,1
1763.,Chen Yan Cheng, Chinese Taipei,1
1763.,Cheng Siu Chi, Hong Kong,1
1763.,Consonni Nicolo, Italy,1
1763.,Cottino Sandro, France,1
1763.,De Alba Valdes Rafael Alfonso, Mexico,1
1763.,De Filippo Edoardo, Italy,1
1763.,Delgado Andrew, USA,1
1763.,Di Nicola Gianluca, Italy,1
1763.,Dong Bohua, China,1
1763.,Ehara Hiroyasu, Japan,1
1763.,Eichenseher David, Germany,1
1763.,Gales Romain, France,1
1763.,Giacomini Enrico, Italy,1
1763.,Goldhoff George, USA,1
1763.,Gu Jin, China,1
1763.,Hashimoto Hugo, USA,1
1763.,Hausberger Gregor, Austria,1
1763.,Herrmann Theo, France,1
1763.,Hewitt Cruz, Australia,1
1763.,Hodzic Alen Moritz, Germany,1
1763.,Jara-Lozano Nicolas, Argentina,1
1763.,Jimenez Michael Dylan, Singapore,1
1763.,Kesarwani Maan, India,1
1763.,Kodancha Srinivasan Dheeraj, India,1
1763.,Koistila larsson Kenzo, Sweden,1
1763.,Lee Junhyun, South Korea,1
1763.,Maftei Mihnea, Romania,1
1763.,Makk Peter, Hungary,1
1763.,Makke Louay, Ivory Coast,1
1763.,Malakhovich Mikhail, Belarus,1
1763.,Mandou Berranger Igor, France,1
1763.,Manning William, USA,1
1763.,Mayo Keenan, USA,1
1763.,Milavsky Daniel, USA,1
1763.,Munk Mesa Bernardo, Spain,1
1763.,Murray Freddy, Ireland,1
1763.,Nikolic Marko, Serbia,1
1763.,Nusdeo Joao Marcos, Brazil,1
1763.,Olivetti Albano, France,1
1763.,Ouzilou Hugo, Switzerland,1
1763.,Pade Charlie, Australia,1
1763.,Park Yong Joon, South Korea,1
1763.,Quang Hien Pham Hien, Australia,1
1763.,Rahmani Kasra, Iran,1
1763.,Ramirez Cesar, Mexico,1
1763.,Rast Emil, Germany,1
1763.,Rettke Vincent, USA,1
1763.,Rikl Patrik, Czech Republic,1
1763.,Rousseau Hillel, Haiti,1
1763.,Salvador Pita Iago, Spain,1
1763.,Sancho Arbizu Daniel, Spain,1
1763.,Sanghera Tiran, Great Britain,1
1763.,Santos Gava Kaua Lorenzo, Brazil,1
1763.,Schott Hugo, France,1
1763.,Scomparin Pietro Romeo, Italy,1
1763.,Sekiguchi Shuichi, Japan,1
1763.,Sharygin Evan, USA,1
1763.,Shirokyi Dmytro, Ukraine,1
1763.,Shrolik Igor, Russia,1
1763.,Shyla Yaraslav, Belarus,1
1763.,Sonesson Lidholt Olle, Sweden,1
1763.,Sroka Milosz, Poland,1
1763.,Stevenson Kelsey, Canada,1
1763.,Stewart Tyler, USA,1
1763.,Sun Zhengyu, China,1
1763.,Swenson Bjorn, USA,1
1763.,Takahata Riku, Japan,1
1763.,Thomson Connor, Great Britain,1
1763.,Tomida Yuta, Japan,1
1763.,Vidal Nicola, Italy,1
1763.,West Dominic, Great Britain,1
1763.,Zhao Runyu, China,1
1763.,Zheng Yanjie, China,1
1851.,Alvarez Marco, USA,1
1851.,Ananth Mani Muni, India,1
1851.,Antonopoulos Christos, Greece,1
1851.,Baldoni Stefano, Italy,1
1851.,Benes Martin, Czech Republic,1
1851.,Beraldo Lorenzo, Italy,1
1851.,Boika Leanid, USA,1
1851.,Bothma John, RSA,1
1851.,Bretin Timeo, France,1
1851.,Castelletti Luigi, Italy,1
1851.,Catani Leonardo, Italy,1
1851.,Cavrak Ken, Australia,1
1851.,Chacon Huertas Roberto, Spain,1
1851.,Chelia Benjamin, Argentina,1
1851.,Chung Hong, South Korea,1
1851.,Congcar Congsup, Thailand,1
1851.,Correa Beguerie Lautaro, Argentina,1
1851.,Costanzi de Brito Henrique, Brazil,1
1851.,De Cuyper Julien, France,1
1851.,Espanol Moreno Juan Arturo, Colombia,1
1851.,Gabriel Noah, Netherlands,1
1851.,Gaillard Marc Antoine, France,1
1851.,Garbero Federico, Italy,1
1851.,Ghavam Amirali, Iran,1
1851.,Goity Zapico Segundo, Argentina,1
1851.,Goldberg Alviani Nicolas Rafael, Spain,1
1851.,Han Xirui, China,1
1851.,Hayen Alejandro, Mexico,1
1851.,Heng Nicholas, USA,1
1851.,Hirpara Dhruv, India,1
1851.,Horovitz Roy, USA,1
1851.,Huber Dario, Switzerland,1
1851.,Jorgensen Sebastian Grundtvig, Denmark,1
1851.,Kang Ku Keon, South Korea,1
1851.,Katuch Jakub, Slovakia,1
1851.,Kim Dong Ju, South Korea,1
1851.,Koizumi Noritaka, Japan,1
1851.,Koons Holden, USA,1
1851.,Kudernatsch Moritz, Germany,1
1851.,Lai Jasper, USA,1
1851.,Lemaitre Luca, Mexico,1
1851.,Li Christopher, Peru,1
1851.,Li Wenfu, China,1
1851.,Lima Eduardo, Brazil,1
1851.,Lock Courtney John, Zimbabwe,1
1851.,Maggs Alexander, Great Britain,1
1851.,Malirz Karol, Poland,1
1851.,Marionneau Lucas, France,1
1851.,Martinez Mirko, Switzerland,1
1851.,Martinovic Mateo, Croatia,1
1851.,Meszaros Patrik, Hungary,1
1851.,Michocki Przemyslaw, Poland,1
1851.,Mroz William, USA,1
1851.,Nadal Vives Joan, Spain,1
1851.,Obrul Lun, Slovenia,1
1851.,Olivera Sebastian, Uruguay,1
1851.,Osti Fabrizio Karol Pio, Italy,1
1851.,Patil Ritesh, USA,1
1851.,Portugal Joao, Portugal,1
1851.,Postolka Roman, Czech Republic,1
1851.,Pourroy Loris, France,1
1851.,Prabodh Suraj R, India,1
1851.,Ratziu Niels, Belgium,1
1851.,Rosol Lukas, Czech Republic,1
1851.,Santamarta Roig Andres, Spain,1
1851.,Schaer Jonas, Switzerland,1
1851.,Seghetti Samuele, Italy,1
1851.,Sharma Aman, USA,1
1851.,Sheldon Max, USA,1
1851.,Sibanda Mehluli Don Ayanda, Zimbabwe,1
1851.,Son Ji Hoon, South Korea,1
1851.,Steinbach Andre, Germany,1
1851.,Tabata Ryo, Japan,1
1851.,Teboh Etienne, Cameroon,1
1851.,Thayne Wally, USA,1
1851.,Thompson Sam, Australia,1
1851.,Timini Andreas, Cyprus,1
1851.,Uzhylovsky Vladimir, Ukraine,1
1851.,Valle Federico, Italy,1
1851.,Verwerft Lars Goran, Belgium,1
1851.,Videhult Linus, Sweden,1
1851.,Williams Aaron James, Germany,1
1851.,Yunis Facundo, Switzerland,1
1851.,Zuniga Garcia Benjamin, Chile,1
1935.,Abdul Hazli Imran Daniel, Malaysia,1
1935.,Alarcon Benjamin Denis, Argentina,1
1935.,Almazan Valiente Izan, Spain,1
1935.,Alonso Miguel Angel, Mexico,1
1935.,Baker Carson, USA,1
1935.,Batista Daniel, Portugal,1
1935.,Bermejo Facundo, Argentina,1
1935.,Berti Marco, Italy,1
1935.,Bertuccioli Federico, Italy,1
1935.,Bianchi Juan Jose, Venezuela,1
1935.,Bluett Luca, Great Britain,1
1935.,Braswell Jonah, USA,1
1935.,Breazu Matei Florin, Romania,1
1935.,Burnett Evan, USA,1
1935.,Chekhov Anton, Russia,1
1935.,Colombo Andrea, Italy,1
1935.,Corthey Lautaro Agustin, Argentina,1
1935.,De Marchi Andrea (2007), Italy,1
1935.,Dhokia Rahul, Great Britain,1
1935.,Dong Jiayang, Australia,1
1935.,Doria Luciano, Argentina,1
1935.,Ender Paul, Austria,1
1935.,Evans Tom, Australia,1
1935.,Exsted Maxwell, USA,1
1935.,Farzam Matisse, USA,1
1935.,Forbes Matthew, USA,1
1935.,Freund Simon, Sweden,1
1935.,Gaillard Timeo, Switzerland,1
1935.,Goldsteiner Peter, Austria,1
1935.,Inoue Geni, Japan,1
1935.,Joyce Jarrod, Australia,1
1935.,Kapasi Kabeer, USA,1
1935.,Kim Jangjun, South Korea,1
1935.,Kovac Tilen, Slovenia,1
1935.,Koyama Hiromasa, Japan,1
1935.,Kozlov Boris, USA,1
1935.,Larue Louis, France,1
1935.,Lee Mitchell, USA,1
1935.,Leshem Edan, Israel,1
1935.,Li Hanwen, China,1
1935.,Lopez Villasenor Gerardo, Mexico,1
1935.,Mahjoob Cyrus, USA,1
1935.,Malgiaritta Maurus, Switzerland,1
1935.,Marosik Norbert, Slovakia,1
1935.,Matuszewski Gabriel, Poland,1
1935.,Menichella Stefan, USA,1
1935.,Michnev Petr, Czech Republic,1
1935.,Minin Matvey, Russia,1
1935.,Nanobashvili Saba George, Sweden,1
1935.,Novak Jakub, Czech Republic,1
1935.,Pankin Semen, Russia,1
1935.,Petit Lenny, France,1
1935.,Prat Antonio, Spain,1
1935.,Revelli Giacomo, Great Britain,1
1935.,Rocci Matteo, France,1
1935.,Sarksian Daniil, Russia,1
1935.,Sibille Imran, Morocco,1
1935.,Takamisawa Taketo, Japan,1
1935.,Talic Zaharije-Zak, Australia,1
1935.,Taylor Jeremy, Australia,1
1935.,Thomson Matthew, USA,1
1935.,Tsirikidze Venedikt, Russia,1
1935.,Vlahos Alexander, Poland,1
1935.,Vukadin Noa, Croatia,1
1935.,Wood Warren, USA,1
1935.,Zhang Minghui, China,1
1935.,Zukas Matias, Argentina,1
2002.,Ahouda Walid, Morocco,1
2002.,Alberti Filippo, Italy,1
2002.,Alhaqbani Ammar, USA,1
2002.,Amarilla Ramiro, Argentina,1
2002.,Badi Amir Hossein, Iran,1
2002.,Balsekar Aditya, India,1
2002.,Birrell Cade, Australia,1
2002.,Bredschneijder Mats, Netherlands,1
2002.,Bruce Connor, USA,1
2002.,Campbell Nicholas, Cyprus,1
2002.,Einig Felix, Germany,1
2002.,Ferraz Sandoval Carvalho Luis Felipe, Brazil,1
2002.,Finkelstein Alex, USA,1
2002.,Foley Patrick, Great Britain,1
2002.,Fumeaux Buenaventura Juan Martin, Uruguay,1
2002.,Garcia Miguel (1996), Spain,1
2002.,Gaxherri Syl, Austria,1
2002.,Goldenberg Lior, Israel,1
2002.,Guercio Lucca, Argentina,1
2002.,Haita Stefan Horia, Romania,1
2002.,Hartenstein Jonas Pelle, Germany,1
2002.,Homola Patrik, Czech Republic,1
2002.,Ibrakhimov Rakhimbek, Uzbekistan,1
2002.,Ivanov Mihail, Bulgaria,1
2002.,Jedrzejczak Jakub, Poland,1
2002.,Kumstat Jan, Czech Republic,1
2002.,Lacides Oscar, Guadeloupe,1
2002.,Lage Castelan Lance Amaury, Mexico,1
2002.,Larwig Noel, Germany,1
2002.,Li Zekai, China,1
2002.,Liu Shaoyun, China,1
2002.,Lu Chen-Yu, Chinese Taipei,1
2002.,Maginley Herbert Jody, Antigua and Barbuda,1
2002.,Martinez Tom√°s, Argentina,1
2002.,Nortey Isaac Nortie, Ghana,1
2002.,Politowicz Marcel, Poland,1
2002.,Portugal Afonso, Portugal,1
2002.,Rating Nico, Spain,1
2002.,Rice Keegan, Canada,1
2002.,Schoenhaus Max, Germany,1
2002.,Schold Tommaso, Italy,1
2002.,Torres Tiago, Portugal,1
2002.,Tumasonis Gabriel Pascotto, Brazil,1
2002.,Vaitiekunas Pijus, Lithuania,1
2002.,Vakili Kian, USA,1
2002.,Vales Vojtech, Czech Republic,1
2002.,Van Herck Louis, Luxembourg,1
2002.,Van Raemdonck Harold, Belgium,1
2002.,Vitter Benjamin, France,1
2002.,Voljavec Antonio, Croatia,1
2002.,Wojcik Jakub, USA,1
2002.,Xu Kuang Qing, Canada,1
2002.,Zhzhenov Konstantin, Russia,1
2055.,Baldisserri Enrico, Italy,1
2055.,Bartakovics Marcell, Hungary,1
2055.,Bennour Dit Sahli Anas, Tunisia,1
2055.,Davis James, Great Britain,1
2055.,Delicata Liam, Malta,1
2055.,Desousa Julian, Netherlands,1
2055.,Elyasi Samyar, Iran,1
2055.,Ganta Sai Karteek Reddy, India,1
2055.,Garcia Longo Nicolas, Argentina,1
2055.,Giorgadze Giorgi, Georgia,1
2055.,Gundacker Jonas, Austria,1
2055.,Gusic Wan Benjamin, Great Britain,1
2055.,Hasson Jordan, Israel,1
2055.,Lazic Manuel, Austria,1
2055.,Milushev Plamen, Bulgaria,1
2055.,Mischker Felix, Great Britain,1
2055.,Nestola Fabio, Great Britain,1
2055.,Perez Martin Ivan, Spain,1
2055.,Pop Darius Florin, Romania,1
2055.,Roh Hoyoung, South Korea,1
2055.,Toffanin Nicolo, Italy,1
2055.,Vatteroni Lorenzo, Italy,1
2055.,Vishnick Daniel, Great Britain,1
2079.,Arinc Kaya, Turkey,1
2079.,Baiant Razvan, Canada,1
2079.,Berrut Adrien, Switzerland,1
2079.,Bravo Alexander, USA,1
2079.,Cubelic Karlo, Germany,1
2079.,Cury Bueres Matheus, Brazil,1
2079.,De Almeida Gustavo Ribeiro, Brazil,1
2079.,Filin Nikita, USA,1
2079.,Kumaran Bharath Nishok, India,1
2079.,Mishkin Kirill, Russia,1
2079.,Musitelli Francois, France,1
2079.,Romano Gino, Argentina,1
2079.,Saye David, USA,1
2079.,Susanto Anthony, Indonesia,1
2079.,Xu Weitao, China,1
2079.,Yerdilda Yerassyl, Kazakhstan,1
2095.,Bogo Enrique, Brazil,1
2095.,Colne Nicolas, France,1
2095.,Gasimov Kanan, Azerbaijan,1
2095.,Hadzimehmedovic Romeo, Serbia,1
2095.,Juan Mano Alejandro, Spain,1
2095.,Kobelt Nicolas, Switzerland,1
2095.,Militi Ribaldi Andrea, Italy,1
2095.,Mokrov Aleksei, Russia,1
2095.,Overmyer Kyle, USA,1
2095.,Quayle David, Great Britain,1
2095.,Sueoka Yamato, Japan,1
2095.,Urvaneja Breno Rossetto, Brazil,1
2095.,Villard Niels, France,1
2095.,Villoslada Edouard, France,1
2109.,Baldovinetti Guelfo, Italy,1
2109.,Bataljin Lawrence, Australia,1
2109.,Ben Abdennibi Sami, Switzerland,1
2109.,Ciocanu Aurel, Canada,1
2109.,Giovannini Umberto, Italy,1
2109.,Kyratzis Sergis, Cyprus,1
2109.,Salomone Federico, Italy,1
2109.,Salton Dylan, RSA,1
2109.,Suresh Darrshan, Malaysia,1
2109.,Torcq Benoit, Belgium,1
2109.,Trifi Alaa, Tunisia,1
2109.,Zayid Mubarak Shannan, Qatar,1
2121.,Mehra Rohan, India,1
2122.,Brigida Omar, Italy,1
2122.,Hongyu Ye, China,1
2122.,Vetrih Miha, Slovenia,1
2125.,Southcombe Mattias, Great Britain,1
2126.,Kostic Stefan, Serbia,1
