1.,Swiatek Iga, Poland,10885
2.,Sabalenka Aryna, Belarus,8716
3.,Pegula Jessica, USA,6220
4.,Rybakina Elena, Kazakhstan,5871
5.,Paolini Jasmine, Italy,5348
6.,Gauff Coco, USA,4983
7.,Zheng Qinwen, China,3920
8.,Navarro Emma, USA,3698
9.,Collins Danielle, USA,3178
10.,Krejcikova Barbora, Czech Republic,3161
11.,Kasatkina Darya, Russia,3020
12.,Haddad Maia Beatriz, Brazil,2981
13.,Ostapenko Jelena, Latvia,2963
14.,Kalinskaya Anna, Russia,2725
15.,Samsonova Liudmila, Russia,2720
16.,Shnaider Diana, Russia,2685
17.,Sakkari Maria, Greece,2517
18.,Kostyuk Marta, Ukraine,2493
19.,Badosa Paula, Spain,2325
20.,Vekic Donna, Croatia,2243
21.,Jabeur Ons, Tunisia,2160
22.,Andreeva Mirra, Russia,2153
23.,Azarenka Viktoria, Belarus,2137
24.,Keys Madison, USA,2076
25.,Pavlyuchenkova Anastasia, Russia,2021
26.,Noskova Linda, Czech Republic,1953
27.,Svitolina Elina, Ukraine,1942
28.,Fernandez Leylah, Canada,1834
29.,Mertens Elise, Belgium,1749
30.,Vondrousova Marketa, Czech Republic,1748
31.,Frech Magdalena, Poland,1743
32.,Putintseva Yulia, Kazakhstan,1733
33.,Alexandrova Ekaterina, Russia,1733
34.,Boulter Katie, Great Britain,1655
35.,Yastremska Dayana, Ukraine,1603
36.,Garcia Caroline, France,1563
37.,Siniakova Katerina, Czech Republic,1474
38.,Potapova Anastasia, Russia,1427
39.,Kudermetova Veronika, Russia,1398
40.,Sun Lulu, New Zealand,1375
41.,Yuan Yue (1998), China,1349
42.,Bouzkova Marie, Czech Republic,1330
43.,Anisimova Amanda, USA,1276
44.,Pliskova Karolina, Czech Republic,1265
45.,Linette Magda, Poland,1191
46.,Stearns Peyton, USA,1173
47.,Avanesyan Elina, Armenia,1140
48.,Kalinina Anhelina, Ukraine,1136
49.,Muchova Karolina, Czech Republic,1126
50.,Wang Xinyu, China,1123
51.,Tomova Viktoriya, Bulgaria,1107
52.,Townsend Taylor, USA,1103
53.,Parry Diane, France,1067
54.,Raducanu Emma, Great Britain,1025
55.,Cocciaretto Elisabetta, Italy,1023
56.,Burel Clara, France,1015
57.,Bouzas Maneiro Jessica, Spain,995
58.,Wang Yafan, China,991
59.,Osorio Camila, Colombia,988
60.,Volynets Katie, USA,987
61.,Sramkova Rebecca, Slovakia,958
62.,Gracheva Varvara, France,955
63.,Uchijima Moyuka, Japan,954
64.,Cirstea Sorana-Mihaela, Romania,953
65.,Kessler Mccartney, USA,951
66.,Podoroska Nadia, Argentina,942
67.,Andreeva Erika, Russia,928
68.,Krueger Ashlyn, USA,917
69.,Siegemund Laura, Germany,910
70.,Wozniacki Caroline, Denmark,908
71.,Rakhimova Kamilla, Russia,905
72.,Tauson Clara, Denmark,901
73.,Osaka Naomi, Japan,894
74.,Zarazua Renata, Mexico,893
75.,Stephens Sloane A., USA,883
76.,Dart Harriet, Great Britain,881
77.,Bronzetti Lucia, Italy,869
78.,Blinkova Anna, Russia,861
79.,Bucsa Cristina, Spain,847
80.,Cristian Jaqueline, Romania,844
81.,Parrizas-Diaz Nuria, Spain,843
82.,Rus Arantxa, Netherlands,839
83.,Niemeier Jule, Germany,829
84.,Gadecki Olivia, Australia,827
85.,Maria Tatiana, Germany,816
86.,Carle Maria Lourdes, Argentina,799
87.,Errani Sara, Italy,795
88.,Tsurenko Lesya, Ukraine,794
89.,Sherif Mayar, Egypt,793
90.,Bondar Anna, Hungary,778
91.,Dodin Oceane, France,774
92.,Pera Bernarda, USA,752
93.,Ruse Elena Gabriela, Romania,743
94.,Minnen Greetje, Belgium,738
95.,Wang Xiyu, China,720
96.,Golubic Viktorija, Switzerland,705
97.,Danilovic Olga, Serbia,704
98.,Dolehide Caroline, USA,703
99.,Saville Daria, Australia,691
100.,Zhu Lin, China,688
101.,Kartal Sonay, Great Britain,686
102.,Martic Petra, Croatia,684
103.,Begu Irina, Romania,683
104.,Sorribes Tormo Sara, Spain,677
105.,Lys Eva, Germany,669
106.,Montgomery Robin, USA,668
107.,Tomljanovic Ajla, Australia,666
108.,Ponchet Jessika, France,665
109.,Schmiedlova Karolina Anna, Slovakia,665
110.,Paquet Chloe, France,660
111.,Baptiste Hailey, USA,659
112.,Trevisan Martina, Italy,658
113.,Joint Maya, Australia,644
114.,Rodionova Arina, Australia,635
115.,Starodubtseva Yulia, Ukraine,620
116.,Hontama Mai, Japan,618
117.,Bektas Emina, USA,617
118.,Fett Jana, Croatia,615
119.,Masarova Rebeka, Spain,614
120.,Bogdan Ana, Romania,613
121.,Riera Julia, Argentina,612
122.,Fruhvirtova Brenda, Czech Republic,611
123.,Seidel Ella, Germany,606
124.,Snigur Daria, Ukraine,603
125.,Korpatsch Tamara, Germany,588
126.,Li Ann, USA,581
127.,Kudermetova Polina, Russia,571
128.,Parks Alycia, USA,568
129.,Gibson Talia, Australia,566
130.,Sasnovich Aliaksandra, Belarus,563
131.,Bai Zhuoxuan, China,559
132.,Salkova Dominika, Czech Republic,550
133.,Marino Rebecca, Canada,546
134.,Fruhvirtova Linda, Czech Republic,543
135.,Udvardy Panna, Hungary,543
136.,Todoni Anca Alexia, Romania,540
137.,Lamens Suzan, Netherlands,535
138.,Semenistaja Darja, Latvia,530
139.,Preston Taylah, Australia,527
140.,Wei Sijia, China,522
141.,Hartono Arianne, Netherlands,521
142.,Teichmann Jil Belen, Switzerland,517
143.,Galfi Dalma, Hungary,515
144.,Pigossi Laura, Brazil,515
145.,Hibino Nao, Japan,514
146.,Birrell Kimberly, Australia,512
147.,Stakusic Marina, Canada,508
148.,Bejlek Sara, Czech Republic,507
149.,Jacquemot Elsa, France,506
150.,Eala Alexandra, Philippines,502
151.,Timofeeva Maria, Russia,495
152.,Sierra Solana, Argentina,494
153.,Zakharova Anastasia, Russia,490
154.,Shibahara Ena, Japan,487
155.,Janicijevic Selena, France,481
156.,Stefanini Lucrezia, Italy,480
157.,Miyazaki Yuriko, Great Britain,478
158.,Bassols Ribera Marina, Spain,477
159.,Sonmez Zeynep, Turkey,474
160.,Watson Heather, Great Britain,474
161.,Saito Sara, Japan,471
162.,Boskovic Lea, Croatia,467
163.,Ruzic Antonia, Croatia,462
164.,Makarova Ekaterina (1996), Russia,462
165.,Lepchenko Varvara, USA,459
166.,Jones Francesca, Great Britain,459
167.,Andreescu Bianca Vanessa, Canada,454
168.,Kenin Sofia, USA,446
169.,Romero Gormaz Leyre, Spain,446
170.,Day Kayla, USA,432
171.,Gao Xinyu, China,432
172.,Von Deichmann Kathinka, Liechtenstein,432
173.,Boisson Lois, France,431
174.,Zavatska Katarina, Ukraine,429
175.,Jimenez Kasintseva Victoria, Andorra,428
176.,Barthel Mona, Germany,427
177.,Chwalinska Maja, Poland,417
178.,Bulgaru Miriam, Romania,416
179.,Tararudee Lanlana, Thailand,411
180.,Aiava Destanee, Australia,406
181.,Vickery Sachia, USA,394
182.,Tikhonova Anastasia, Russia,394
183.,Jorge Francisca, Portugal,393
184.,Inglis Maddison, Australia,391
185.,Mandlik Elizabeth, USA,385
186.,Pridankina Elena, Russia,385
187.,Sawangkaew Mananchaya, Thailand,384
188.,Ciric Bagaric Lucija, Croatia,383
189.,Selekhmeteva Oksana, Russia,383
190.,Pedone Georgia, Italy,381
191.,Klimovicova Linda, Czech Republic,381
192.,Sharma Astra, Australia,376
193.,Erjavec Veronika, Slovenia,376
194.,Arango Emiliana, Colombia,373
195.,Knutson Gabriela, Czech Republic,373
196.,Chang Hanna, USA,371
197.,Hunter Storm, Australia,366
198.,Liu Claire, USA,366
199.,Leonard Manon, France,365
200.,Avdeeva Julia, Russia,360
201.,Glushko Lina, Israel,359
202.,Zidansek Tamara, Slovenia,358
203.,Falei Aliona, Belarus,345
204.,Maristany Zuleta De Reales Guiomar, Spain,345
205.,Kerber Angelique, Germany,344
206.,Noha Akugue Noma, Germany,343
207.,Hon Priscilla, Australia,340
208.,Jeanjean Leolia, France,340
209.,Kraus Sinja, Austria,338
210.,Mateas Maria, USA,338
211.,Mladenovic Kristina, France,337
212.,Sobolieva Anastasiia, Ukraine,337
213.,Ito Aoi, Japan,337
214.,Brancaccio Nuria, Italy,335
215.,Tan Harmony, France,332
216.,Waltert Simona, Switzerland,329
217.,Chirico Louisa, USA,329
218.,Rouvroy Margaux, France,328
219.,Benoit Marie, Belgium,328
220.,Palicova Barbora, Czech Republic,328
221.,Vandewinkel Hanne, Belgium,327
222.,Mikulskyte Justina, Lithuania,326
223.,Tubello Alice, France,322
224.,Ma Yexin, China,321
225.,Shymanovich Iryna, Belarus,321
226.,Cengiz Berfu, Turkey,318
227.,Bolkvadze Mariam, Georgia,317
228.,Korneeva Alina, Russia,315
229.,Radivojevic Lola, Serbia,312
230.,Jang Su Jeong, South Korea,309
231.,Martinez Cirez Carlota, Spain,309
232.,Koevermans Anouk, Netherlands,309
233.,Gjorcheska Lina, North Macedonia,307
234.,Zhao Carol, Canada,305
235.,Ryser Valentina, Switzerland,305
236.,Hercog Polona, Slovenia,304
237.,Papamichail Despina, Greece,303
238.,Charaeva Alina, Russia,303
239.,Monnet Carole, France,302
240.,Shi Han, China,302
241.,Cornet Alize, France,299
242.,Bara Irina, Romania,294
243.,Lazaro Garcia Andrea, Spain,289
244.,Strakhova Valeriya, Ukraine,287
245.,Naef Celine, Switzerland,286
246.,Banks Amarni, Great Britain,286
247.,Oz Ipek, Turkey,286
248.,Chang Sophie, USA,286
249.,Serban Raluca Georgiana, Cyprus,283
250.,Lukas Tena, Croatia,283
251.,Hovde Liv, USA,281
252.,Jakupovic Dalila, Slovenia,277
253.,Ferro Fiona, France,274
254.,Inoue Hina, USA,274
255.,Kung Leonie, Switzerland,271
256.,Burillo Escorihuela Irene, Spain,269
257.,Prozorova Tatiana, Russia,269
258.,Dinu Cristina, Romania,267
259.,Hesse Amandine, France,266
260.,Liang En Shuo, Chinese Taipei,264
261.,Lu Jia-Jing, China,263
262.,Fita Boluda Angela, Spain,263
263.,Kawa Katarzyna, Poland,261
264.,Ishii Sayaka, Japan,261
265.,Tig Patricia Maria, Romania,255
266.,Albie Audrey, France,255
267.,Krunic Aleksandra, Serbia,254
268.,Burrage Jodie Anna, Great Britain,252
269.,You Xiaodi, China,251
270.,Fung Stacey, Canada,249
271.,Valentova Tereza, Czech Republic,249
272.,Hruncakova Viktoria, Slovakia,247
273.,Hu Victoria, USA,245
274.,Lansere Sofya, Russia,244
275.,Branstine Carson, Canada,244
276.,Ibragimova Alevtina, Russia,244
277.,Costoulas Sofia, Belgium,244
278.,Capurro Taborda Martina, Argentina,241
279.,Struplova Julie, Czech Republic,240
280.,Okamura Kyoka, Japan,239
281.,Hobgarski Katharina, Germany,239
282.,Bandecchi Susan, Switzerland,238
283.,Rodriguez Victoria, Mexico,238
284.,Kaji Haruka, Japan,238
285.,Anderson Robin, USA,234
286.,Yao Xinxin, China,233
287.,Stevanovic Natalija, Serbia,230
288.,Sebov Katherine, Canada,228
289.,Mitu Cristina-Andreea, Romania,226
290.,Jovic Iva, USA,225
291.,Babos Timea, Hungary,225
292.,Radanovic Dejana, Serbia,225
293.,Topalova Gergana, Bulgaria,224
294.,Savinykh Valeria, Russia,221
295.,Yamalapalli Sahaja, India,221
296.,Ortenzi Jazmin, Argentina,215
297.,Estable Julieta Lara, Argentina,210
298.,Shimizu Ayano, Japan,210
299.,Sanchez Ana Sofia, Mexico,209
300.,Feistel Gina, Poland,208
301.,Andrianjafitrimo Tessah, France,208
302.,Marcinko Petra, Croatia,203
303.,Bartunkova Nikola, Czech Republic,203
304.,Shimizu Eri, Japan,203
305.,Urhobo Akasha, USA,201
306.,Alves Carolina Meligeni Rodrigues, Brazil,201
307.,Aksu Ayla, Turkey,201
308.,Rame Alice, France,201
309.,Raina Ankita, India,200
310.,Abduraimova Nigina, Uzbekistan,199
311.,Kulikova Anastasia, Finland,199
312.,Friedsam Anna-Lena, Germany,197
313.,Wurth Tara, Croatia,197
314.,Sakatsume Himeno, Japan,197
315.,Sieg Madison, USA,197
316.,Kucmova Aneta, Czech Republic,197
317.,Saigo Rina, Japan,195
318.,Bhamidipaty Shrivalli Rashmikaa, India,195
319.,Sakellaridi Sapfo, Greece,195
320.,Rinaldo Persson Kajsa, Sweden,194
321.,Ercan Melisa, Australia,193
322.,Loeb Jamie, USA,193
323.,Nahimana Sada, Burundi,193
324.,Shubladze Alexandra, Russia,193
325.,Smith Tina, Australia,192
326.,Harrison Catherine, USA,192
327.,Cortez Llorca Lucia, Spain,191
328.,Oliynykova Oleksandra, Ukraine,191
329.,Martincova Tereza, Czech Republic,190
330.,Zvonareva Vera, Russia,190
331.,Gorgodze Ekaterine, Georgia,190
332.,Baindl Kateryna, Ukraine,189
333.,Kalieva Elvina, USA,189
334.,Back Dayeon, South Korea,189
335.,Scott Katrina, USA,188
336.,Naklo Thasaporn, Thailand,187
337.,Sato Naho, Japan,187
338.,Kubka Martyna, Poland,186
339.,Rogers Shelby, USA,183
340.,Hule Petra, Australia,182
341.,Sato Hikaru, Japan,182
342.,Kulambayeva Zhibek, Kazakhstan,181
343.,Laskutova Ksenia, Russia,180
344.,Fossa Huergo Nicole, Italy,180
345.,Rosatello Camilla, Italy,179
346.,Zheng Wushuang, China,179
347.,Schunk Nastasja Mariana, Germany,178
348.,In-Albon Ylena, Switzerland,178
349.,Shinikova Isabella, Bulgaria,177
350.,Chong Eudice, Hong Kong,176
351.,Lee Gabriela, Romania,175
352.,Melnikova Marina, Russia,175
353.,Kozyreva Maria, Russia,174
354.,Liu Fangzhou, China,174
355.,Paszek Tamira, Austria,173
356.,Mboko Victoria, Canada,173
357.,Laskevich Evialina, Belarus,172
358.,Stollar Fanny, Hungary,171
359.,Wickmayer Yanina, Belgium,170
360.,Vedder Eva, Netherlands,170
361.,Lene Emma, France,170
362.,Pigato Lisa, Italy,169
363.,Grammatikopoulou Valentini, Greece,168
364.,Imamura Saki, Japan,168
365.,Kuramochi Miho, Japan,168
366.,Mcphee Kaylah, Australia,167
367.,Sevastova Anastasija, Latvia,166
368.,Vargova Nina, Slovakia,166
369.,Pavlova Kira, Russia,165
370.,Karatancheva Lia, Bulgaria,165
371.,Cross Kayla, Canada,165
372.,Yamaguchi Mei, Japan,163
373.,Pieri Tatiana, Italy,163
374.,Rakotomanga Rajaonah Tiantsoa Sarah, France,162
375.,Samson Laura, Czech Republic,162
376.,Gureva Anastasiia, Russia,162
377.,Ngounoue Clervie, USA,161
378.,Park Sohyun, South Korea,161
379.,Marcinkevica Diana, Latvia,161
380.,Hennemann Caijsa Wilda, Sweden,160
381.,Kiick Alexandra, USA,160
382.,Cakarevic Sara, France,160
383.,Appleton Emily, Great Britain,158
384.,Lodikova Daria, Russia,158
385.,Portillo Ramirez Maria Jose, Mexico,158
386.,Jorge Matilde, Portugal,157
387.,Li Zongyu, China,157
388.,Berecoechea Nahia, France,156
389.,Curmi Francesca, Malta,155
390.,Amariei Ilinca Dalina, Romania,155
391.,Matsuda Misaki, Japan,155
392.,Da Silva Fick Gabriella, Australia,154
393.,Quevedo Kaitlin, Spain,153
394.,Wolff Vivian, USA,153
395.,Volodko Kateryna, Ukraine,152
396.,Zantedeschi Aurora, Italy,152
397.,Garland Joanna, Chinese Taipei,152
398.,Vlasselaer Clara, Belgium,152
399.,Wagner Stephanie, Germany,151
400.,Fourlis Jaimee, Australia,150
401.,Mansouri Yasmine, France,150
402.,Kuzmova Katarina (2001), Slovakia,150
403.,Wang Qiang, China,149
404.,Spiteri Dalila, Italy,149
405.,Chiesa Deborah, Italy,149
406.,Pattinama Kerkhove Lesley, Netherlands,148
407.,Osuigwe Whitney, USA,148
408.,Radwanska Urszula, Poland,147
409.,Grey Sarah Beth, Great Britain,147
410.,Wang Meiling, China,146
411.,Robbe Alice, France,145
412.,Ristic Mia, Serbia,145
413.,Podrez Veronika, Ukraine,144
414.,Tona Miriana, Italy,144
415.,Hietaranta Laura, Finland,144
416.,Kempen Magali, Belgium,143
417.,Martynov Diana, France,142
418.,Kuhl Carolina, Germany,142
419.,Duerst Jenny, Switzerland,141
420.,Naito Yuki, Japan,141
421.,Chaudhari Vaidehi, India,140
422.,Ce Gabriela, Brazil,139
423.,Dartron Emeline, France,139
424.,Senic Natalija, Serbia,139
425.,Werner Caroline, Germany,138
426.,Toth Amarissa, Hungary,138
427.,Cabrera Lizette, Australia,138
428.,Ku Yeon Woo, South Korea,137
429.,Abbagnato Anastasia, Italy,135
430.,Ambrosio Silvia, Italy,134
431.,Prisacariu Andreea, Romania,134
432.,Giovannini Luisina, Argentina,133
433.,Maleckova Jesika, Czech Republic,132
434.,Failla Jessica, USA,132
435.,Micic Elena, Australia,132
436.,Rocchetti Sofia, Italy,131
437.,Dmitruk Kristina, Belarus,131
438.,McDonald Ella, Great Britain,130
439.,Cabaj Awad Jacqueline, Sweden,130
440.,Stankovic Anja, Serbia,130
441.,Sema Erika, Japan,130
442.,Tian Fangran, China,128
443.,Anshba Amina, Russia,128
444.,Lee Ya-Hsuan, Chinese Taipei,128
445.,Cheapchandej Patcharin, Thailand,128
446.,Iatcenko Polina, Russia,128
447.,Vecic Alexandra, Germany,127
448.,Craciun Georgia Andreea, Romania,126
449.,Schmidt Antonia, Germany,126
450.,Kvitova Petra, Czech Republic,125
451.,Colmegna Martina, Italy,125
452.,Kuwata Hiroko, Japan,125
453.,Kudashova Daria, Russia,125
454.,Popa Maria Sara, Romania,124
455.,Radisic Nika, Slovenia,124
456.,Gavrila Oana, Romania,124
457.,Brace Cadence, Canada,124
458.,Okalova Martina, Slovakia,123
459.,Wong Hong Yi Cody, Hong Kong,123
460.,Tkacheva Mariia, Russia,123
461.,Matoula Martha, Greece,122
462.,Zolotareva Anastasia, Russia,122
463.,Malygina Elena, Estonia,122
464.,Bhosale Rutuja, India,121
465.,Hosogi Sakura, Japan,121
466.,Plipuech Peangtarn, Thailand,121
467.,Hewitt Dalayna, USA,120
468.,Yang Yidi, China,120
469.,Samir Sandra, Egypt,120
470.,Helgo Malene, Norway,119
471.,Pieri Jessica, Italy,119
472.,Jamrichova Renata, Slovakia,118
473.,Ricci Beatrice, Italy,117
474.,Geerlings Ariana, Spain,117
475.,Giavara Haley, USA,116
476.,Kozarov Katarina, Serbia,116
477.,Popovic Ivana, Australia,115
478.,Primorac Iva, Croatia,115
479.,Buyukakcay Cagla, Turkey,114
480.,Zelnickova Radka, Slovakia,114
481.,Stoiana Mary, USA,112
482.,Mendez Seone, Australia,111
483.,Kostic Tamara, Austria,111
484.,Vidmanova Darja, Czech Republic,111
485.,Abe Hiromi, Japan,111
486.,Vanlangendonck Eliessa, Belgium,111
487.,Perez Alarcon Lucciana, Peru,110
488.,Lim Jenny, France,109
489.,Szabanin Natalia, Hungary,109
490.,Kuczer Daria, Poland,109
491.,Maklakova Ekaterina, Russia,109
492.,Ostlund Fanny, Sweden,108
493.,Schmidt Lara, Germany,108
494.,Ma Lea, USA,108
495.,Xu Mingge, Great Britain,107
496.,Akita Shiho, Japan,107
497.,Wang Jiaqi, China,107
498.,Vismane Daniela, Latvia,107
499.,Dunne Katy, Great Britain,106
500.,Ren Yufei, China,105
501.,Miroshnichenko Veronica, Russia,105
502.,Yang Ya-Yi, Chinese Taipei,104
503.,Smith Alana, USA,103
504.,Salden Lara, Belgium,103
505.,Crawley Fiona, USA,103
506.,Zaytseva Ksenia, Russia,102
507.,Rogers Anna, USA,102
508.,Tran Lian, Netherlands,102
509.,Juvan Kaja, Slovenia,101
510.,Lisicki Sabine, Germany,101
511.,Koshiishi Ayumi, Japan,101
512.,Arakawa Haruna, Japan,101
513.,Fetecau Irina, Romania,100
514.,Okutoyi Angella, Kenya,100
515.,Bartone Kamilla, Latvia,100
516.,Klugman Hannah, Great Britain,98
517.,Lovric Pia, Slovenia,98
518.,Contreras Gomez Fernanda, Mexico,97
519.,Pavlou Dimitra, Greece,97
520.,Hodzic Mina, Germany,97
521.,Monnot Amandine, France,96
522.,Belgraver Julie, France,96
523.,Muramatsu Chihiro, Japan,95
524.,Gasanova Anastasia, Russia,95
525.,Gettwart Fabienne, Germany,95
526.,Bayerlova Michaela, Czech Republic,94
527.,Yashina Ekaterina, Russia,93
528.,Desai Zeel, India,93
529.,Morvayova Viktoria, Slovakia,93
530.,Lee Eunhye, South Korea,92
531.,Middendorf Julia, Germany,92
532.,Zhu Amy, USA,92
533.,Krywoj Melany Solange, Argentina,92
534.,Bartashevich Yaroslava, France,91
535.,Weckerle Marie, Luxembourg,91
536.,Hatouka Yuliya, Belarus,90
537.,Perrin Conny, Switzerland,90
538.,Yamazaki Ikumi, Japan,90
539.,Hindova Denisa, Czech Republic,90
540.,Peterson Rebecca, Sweden,89
541.,Mcadoo Rasheeda, USA,89
542.,Bains Naiktha, Great Britain,88
543.,Mintegi Del Olmo Ane, Spain,88
544.,Cherubini Diletta, Italy,88
545.,Koike Ena, Japan,87
546.,Aney Jessie, USA,87
547.,Falkowska Weronika, Poland,87
548.,Milovanovic Elena, Serbia,87
549.,Papadakis Lena, Germany,86
550.,Laki Michaela, Greece,86
551.,Di Sarra Federica, Italy,85
552.,Scilipoti Sebastianna, Switzerland,85
553.,Akli Ayana, USA,85
554.,Davis Lauren, USA,84
555.,Barry Monique, New Zealand,84
556.,Pedretti Thasa Grana, Brazil,84
557.,Visscher Stephanie Judith, Netherlands,84
558.,Pfeifer Lara, Italy,84
559.,Diaz Adrover Cristina, Spain,83
560.,Meliss Verena, Italy,83
561.,Yuan Chengyiyi, China,83
562.,Bubelyte Klaudija, Lithuania,82
563.,Mushika Mio, Japan,82
564.,Zucchini Arianna, Italy,82
565.,Bejenaru Karola Patricia, Romania,82
566.,Nugroho Priska Madelyn, Indonesia,81
567.,Munk Mortensen Rebecca, Denmark,81
568.,Lemaitre Tiphanie, France,79
569.,Zhabrailova Milana, Russia,79
570.,Nguyen Tan Lucie, France,79
571.,Diyas Zarina, Kazakhstan,78
572.,Alhussein Abdel Aziz Lamis, Egypt,78
573.,Guo Meiqi, China,78
574.,Guerrero Alvarez Eva, Spain,77
575.,Bozovic Alexandra, Australia,77
576.,Falkner Ziva, Slovenia,77
577.,Fullana Luiza, Brazil,77
578.,Guth Mara, Germany,76
579.,Shapatava Sophia, Georgia,76
580.,Boulais Isabelle, Canada,76
581.,Kovaleva Anastasia, Russia,76
582.,Kawaguchi Natsumi, Japan,75
583.,Parnaby Alana, Australia,75
584.,Havlickova Lucie, Czech Republic,75
585.,Zeballos Noelia, Bolivia,75
586.,Gimbrere Jasmijn, Netherlands,75
587.,Meri Eszter, Slovakia,75
588.,Stoiber Ranah Akua, Great Britain,74
589.,Labrana Fernanda, Chile,74
590.,Tjen Janice, Indonesia,74
591.,Berberovic Nefisa, Bosnia and Herzeg.,73
592.,Yushchenko Valeriya, Russia,73
593.,Min Grace, USA,72
594.,Wu Ho Ching, Hong Kong,72
595.,Zhang Shuai, China,71
596.,Siskova Anna, Czech Republic,71
597.,Swan Katie, Great Britain,71
598.,Kan Victoria, Russia,71
599.,Lindh Gallagher Emilie, Great Britain,70
600.,Omae Akiko, Japan,70
601.,Kozaki Funa, Japan,70
602.,Daavettila Sara, USA,70
603.,Drugdova Salma, Slovakia,70
604.,Shalimova Ekaterina, Russia,70
605.,Kazionova Ekaterina, Russia,70
606.,Kovapitukted Punnin, Thailand,70
607.,Hoedt Merel, Netherlands,70
608.,Beck Chloe, USA,69
609.,El Aouni Aya, Morocco,69
610.,Ovcharenko Ekaterina, Russia,69
611.,Dal Selina, Germany,69
612.,Kawamura Mana, Japan,69
613.,Cadar Elena-Teodora, Romania,68
614.,De Stefano Samira, Italy,67
615.,Aikawa Mayuka, Japan,67
616.,Naya Guillermina, Argentina,66
617.,Herrmann Sina, Germany,66
618.,Brady Jennifer, USA,65
619.,Reyngold Ekaterina, Russia,65
620.,Tsao Chia Yi, Chinese Taipei,65
621.,Frayman Daria, Cyprus,65
622.,Sauvant Chantal, Germany,65
623.,Ozgen Pemra, Turkey,65
624.,Guo Hanyu, China,64
625.,Kolb Nadiia, Ukraine,64
626.,Miller Karina, USA,64
627.,Gabric Anna, Germany,64
628.,Bojovic Jana, Serbia,64
629.,Herazo Gonzalez Maria Fernanda, Colombia,63
630.,Dencheva Rositsa, Bulgaria,63
631.,Zvonaru Ioana, Romania,63
632.,Bolsova Aliona, Spain,62
633.,Meyer Auf Der Heide Luisa, Germany,62
634.,Flores Victoria, USA,62
635.,Candiotto Ana, Brazil,62
636.,Arconada Usue Maitane, USA,61
637.,Stojanovic Nina, Serbia,61
638.,Stojsavljevic Mika, Great Britain,61
639.,Ewald Weronika, Poland,61
640.,Cayetano Eryn, USA,61
641.,Robinson Jada, USA,61
642.,Vogt Marie, Germany,61
643.,Szostak Marine, France,61
644.,Kolodynska Jana, Belarus,60
645.,Bondarenko Maria, Russia,60
646.,Reami Adriana, USA,60
647.,Wirges Angelina, Germany,60
648.,Jones Emerson, Australia,59
649.,Eikeri Ulrikke, Norway,59
650.,Lahey Ashley, USA,59
651.,Xun Fang Ying, China,59
652.,Bilardo Federica, Italy,59
653.,Glushkova Denislava, Bulgaria,59
654.,Khomutsianskaya Daria, Belarus,59
655.,Stresnakova Katarina, Slovakia,59
656.,Ganz Fiona, Switzerland,59
657.,Grant Tyra Caterina, USA,57
658.,Rajecki Amelia, Great Britain,57
659.,Jones Makenna, USA,57
660.,Simion Oana Georgeta, Romania,57
661.,Feng Shuo, China,57
662.,Tanasie Lavinia, Romania,56
663.,Nagy Adrienn, Hungary,56
664.,Kummel Alisa, Russia,56
665.,Tran Demi, Netherlands,56
666.,Wildgruber Anja, Germany,56
667.,Lincer Olivia, Poland,55
668.,Gillan Alice, Great Britain,55
669.,Seibold Emily, Germany,55
670.,Daniel Jaeda, USA,55
671.,Corley Paris, USA,55
672.,Lew Yan Foon Astrid, France,54
673.,Sleeth Layne, Canada,54
674.,Jokic Katarina, Serbia,54
675.,Rushiti Arlinda, Switzerland,54
676.,Ruggeri Jennifer, Italy,53
677.,Koller Arabella, Austria,53
678.,Bulatova Arina, Russia,53
679.,Svendsen Johanne Christine, Denmark,53
680.,Yoruk Ilay, Turkey,53
681.,Defalco Jenna, USA,53
682.,Milatova Sofia, Slovakia,53
683.,Steur Joelle Lilly Sophie, Germany,53
684.,Astakhova Darya, Russia,52
685.,Kanev Kathleen, Germany,52
686.,Bowers Ashton, USA,52
687.,Welker Emily, Germany,52
688.,Herea Carmen Andreea, Romania,52
689.,Christofi Eleni, Greece,52
690.,Iliev Sarah, France,51
691.,Rezai Aravane, France,51
692.,Adkar Vaishnavi, India,51
693.,Van Emst Sarah, Netherlands,51
694.,Silva Eden, Great Britain,50
695.,Lizarazo Yuliana, Colombia,50
696.,Podlinska Marcelina, Poland,50
697.,Encheva Lidia, Bulgaria,50
698.,Bouzo Zanotti Noelia, Spain,50
699.,Markus Carla, Argentina,50
700.,Tsygourova Katerina, Switzerland,50
701.,Pareja Julieta, USA,49
702.,Noel Alexa, USA,48
703.,Mariani Matilde, Italy,48
704.,Stamatova Julia, Bulgaria,48
705.,Ozeki Michika, Japan,48
706.,Nishimura Kayo, Japan,47
707.,Granwehr Alina, Switzerland,47
708.,Keller Nadine, Switzerland,47
709.,Morderger Yana, Germany,47
710.,Sebestova Ivana, Czech Republic,47
711.,Sugnaux Tess, Switzerland,47
712.,Okuwaki Rinon, Japan,47
713.,Alvisi Eleonora, Italy,46
714.,Hertel Anna, Poland,46
715.,Mazzola Alessandra, Italy,46
716.,Yoshioka Kisa, Japan,45
717.,Neffa De Los Rios Ana Paula, Paraguay,45
718.,Konjuh Ana, Croatia,44
719.,Danilina Anna, Kazakhstan,44
720.,Brockmann Tessa Johanna, Germany,44
721.,Zaar Lisa, Sweden,44
722.,Paukstyte Patricija, Lithuania,44
723.,Zhang Ying, China,44
724.,Zanolini Camilla, Italy,44
725.,Diatchenko Vitalia, Russia,43
726.,Lu Jing-Jing, China,43
727.,McKenzie Kylie, USA,43
728.,Urgesi Federica, Italy,43
729.,Pawlikowska Zuzanna, Poland,43
730.,Squarcialupi Gaia, Italy,43
731.,Osuigwe Victoria, USA,43
732.,Romero Camila, Ecuador,43
733.,Grubor Ana, Canada,43
734.,Tang Qianhui, China,42
735.,Christie Freya, Great Britain,42
736.,Kingsley Raveena, USA,42
737.,Kruger Isabella, RSA,42
738.,Rioux Lisa-Marie, Japan,42
739.,Helmi Olga, Denmark,42
740.,Eraydin Basak, Turkey,42
741.,Cho Yi Tsen, Chinese Taipei,42
742.,Kinoshita Hayu, Japan,42
743.,Van De Peer Vicky, Belgium,42
744.,Hinojosa Gomez Jessica, Mexico,41
745.,Bolton Elysia, Australia,41
746.,Milic Ela Nala, Slovenia,41
747.,Monroy Yuliana, Colombia,41
748.,Han Jiangxue, China,41
749.,Kozakova Karolina, Switzerland,41
750.,Chen Meng Yi, China,41
751.,Sevcikova Linda, Czech Republic,41
752.,Villet Marie, France,41
753.,Burdina Evgeniya, Russia,41
754.,Ghioroaie Ylona-Georgiana, Romania,40
755.,Zhang Ruien, China,40
756.,Dapkute Iveta, Lithuania,40
757.,Grechkina Anastasia, Russia,40
758.,Bonardi Berta, Argentina,40
759.,Valente Denise, Italy,40
760.,Demidova Diana, Russia,40
761.,Bjorklund Mirjam, Sweden,39
762.,Cavalle-Reimers Ivonne, Spain,39
763.,Nepliy Elina, Russia,39
764.,Roura Llaverias Ruth, Spain,39
765.,Karunaratne Adithya, Hong Kong,39
766.,Waligora Amelia, Belgium,39
767.,Ceschi Gloria, Italy,39
768.,Bojica Stefania, Romania,39
769.,Pace Francesca, Italy,39
770.,Perez Ellen, Australia,38
771.,Matsuda Rinko, Japan,38
772.,Manasse Maegan, USA,38
773.,Kononova Maria, Russia,38
774.,Cho I-hsuan, Chinese Taipei,38
775.,Mair Laura, Italy,38
776.,Suvirdjonkova Darja, Serbia,38
777.,Chiesa Enola, Italy,38
778.,Seguel Daniela, Chile,37
779.,Ignatik Alexandra, Romania,37
780.,Kruger Zoe, RSA,37
781.,Zhiyenbayeva Sonja, Germany,37
782.,Voloshchuk Angelina, Portugal,37
783.,Sukhotina Anastasia, Russia,37
784.,Olianovskaia Valeriia, Poland,37
785.,Noel Chloe, France,37
786.,Refaat Merna, Egypt,37
787.,Hrdinkova Denise, Czech Republic,37
788.,Bertea Elena Ruxandra, Romania,36
789.,Ccuno Romina, Peru,36
790.,Hanatani Nagi, Japan,36
791.,Kawagishi Nana, Japan,36
792.,Sziedat Franziska, Germany,36
793.,Grabher Julia, Austria,35
794.,Ormaechea Paula, Argentina,35
795.,Sonobe Wakana, Japan,35
796.,Silva Johanna, Germany,35
797.,Andrienko Maria, Russia,35
798.,Mettraux Marie, Switzerland,35
799.,Ivanova Dasha, USA,35
800.,Nuudi Maileen, Estonia,35
801.,Kobori Momoko, Japan,35
802.,Gennaro Camilla, Italy,35
803.,Ekshibarova Vlada, Israel,35
804.,Hoste Ferrer Claudia, Spain,35
805.,Glozman Valerie, USA,34
806.,Zamarripa Allura, USA,34
807.,Dong Na, China,34
808.,Van Impe Amelie, Belgium,34
809.,Kovackova Alena, Czech Republic,33
810.,Dang Yiming, China,33
811.,Kupres Mia, Canada,33
812.,Egorova Daria, Russia,33
813.,Ebeling Koning Loes, Netherlands,33
814.,Houghton India, USA,33
815.,Mushika Mao, Japan,33
816.,Herrero Linana Alicia, Spain,33
817.,Jebawy Jasmin, Germany,33
818.,Cervino Ruiz Celia, Spain,33
819.,Iamachkine Anastasia, Peru,33
820.,Radovanovic Nina, France,33
821.,Ezzat Yasmin, Egypt,33
822.,Murray Samantha, Great Britain,32
823.,Jeong Boyoung, South Korea,32
824.,Santos Ana Filipa, Portugal,32
825.,Paštiková Julie, Czech Republic,32
826.,Ramialison Irina, France,32
827.,Smith Alicia, Australia,32
828.,Arias Manjon Paula, Spain,32
829.,Ibbou Ines, Algeria,32
830.,Tatu Sarah, Great Britain,32
831.,Karamoko Naima, Switzerland,32
832.,Morderger Tayisiya, Germany,32
833.,Bougrat Maelys, France,31
834.,Price Gabriella, USA,31
835.,Payet Pauline, France,31
836.,Raggi Angelica, Italy,31
837.,Zund Sylvie, Liechtenstein,31
838.,Kalyakina Maria, Russia,31
839.,Safta Anastasia, Romania,31
840.,Jaskova Anika, Slovakia,31
841.,Paoletti Matilde, Italy,30
842.,Smejkalova Amelie, Czech Republic,30
843.,Lukosiute Andre, Lithuania,30
844.,Blokhina Alexis, USA,30
845.,Schaefer Anne Jr., Germany,30
846.,Mutavdzic Matilda, Great Britain,30
847.,Kubareva Anna, Belarus,30
848.,Sun Yingqun, China,30
849.,Rivkin Nicole, Germany,30
850.,Konishi Camargo Silva Julia, Brazil,30
851.,Vujovic Luna, Serbia,29
852.,Zolotareva Rada, Russia,29
853.,Ogata Haine, Japan,29
854.,Spigarelli Martina, Italy,29
855.,Szabo Briana, Romania,28
856.,Ivanov Valentina, New Zealand,28
857.,Crossley Mayu, Japan,28
858.,Huang Yujia, Hong Kong,28
859.,Sidorova Kristiana, Russia,28
860.,Baranovska Alisa, Ukraine,28
861.,Douglas Ellie, USA,28
862.,Romeo Caroline, France,28
863.,Gomez Victoria, Spain,28
864.,Lin Fang An, Chinese Taipei,28
865.,Bertoldo Jessica, Italy,28
866.,Reguer Alyssa, France,28
867.,Navarro Oliva Maria Fernanda, Mexico,27
868.,Efremova Ksenia, Russia,27
869.,Hance Kimmi, USA,27
870.,Horvit Mia, USA,27
871.,Ulyashchenko Anna, USA,27
872.,Vasilescu Arina Gabriela, Romania,27
873.,Murgett Bronte, Great Britain,27
874.,Laboutkova Aneta, Czech Republic,27
875.,Korokozidi Elena, Russia,27
876.,Plaza Araujo Luana, Brazil,27
877.,Di Girolami Tilwith, Belgium,27
878.,Frey Anna, USA,26
879.,Peyre Lucia, Argentina,26
880.,Miyamoto Ayumi, Japan,26
881.,Buchwald Helena, Germany,26
882.,Ureke Anna, Russia,26
883.,Jamshidi Elena, Denmark,26
884.,Kenzhibayeva Sandugash, Kazakhstan,26
885.,Martinez Vaquero Maria, Spain,26
886.,Bartha Panna, Hungary,26
887.,Girelli Chiara, Italy,26
888.,Hsieh Su-Wei, Chinese Taipei,25
889.,Khromacheva Irina, Russia,25
890.,Zhao Xichen, China,25
891.,Lopez Martinez Carmen, Spain,25
892.,Mi Lan, China,25
893.,John-Baptiste Lauryn, Great Britain,25
894.,Plekhanova Dasha, Canada,25
895.,Arseneault Ariana, Canada,25
896.,Turati Anna, Italy,25
897.,Mi Tianmi, China,25
898.,Markham Ava, USA,25
899.,Dols Sara, Spain,25
900.,Bhatia Riya, India,25
901.,Fedorova Aglaya, Russia,25
902.,Simunyu Celine, Ireland,24
903.,Thamchaiwat Bunyawi, Thailand,24
904.,Guzman Dana, Peru,24
905.,Golovina Maria, Russia,24
906.,Vasilyeva Alexandra, Russia,24
907.,Barnes Katherine, Great Britain,24
908.,Zamarripa Maribella, USA,24
909.,Balus Irina, Slovakia,24
910.,Sekulic Sarah-Rebecca, Germany,24
911.,Dittmann Gina Marie, Germany,24
912.,Tucakovic Suana, Bosnia and Herzeg.,24
913.,Garkusha Eva, Russia,24
914.,Katsumi Nanari, Japan,24
915.,Toma Maria, Romania,24
916.,Bonaventure Ysaline, Belgium,23
917.,Garcia Julia, Mexico,23
918.,Van Den Broek Isis Louise, Netherlands,23
919.,Inisan Eleejah, France,23
920.,Kim Yujin, South Korea,23
921.,Webb Stefani, Australia,23
922.,Marginean Alexia Iulia, Romania,23
923.,Barbulescu Bianca Elena, Romania,23
924.,Aristegui Mercedes, Spain,23
925.,Cilekova Laura, Slovakia,23
926.,Nava Elkin Amanda Carolina, Mexico,23
927.,Kinard Tori, USA,22
928.,Bennemann Eva, Germany,22
929.,Ionescu Eva Maria, Romania,22
930.,Potocnik Nina, Slovenia,22
931.,Masic Mila, Serbia,22
932.,Chikaraishi Yui, Japan,22
932.,Lee Gyeong Seo, South Korea,22
934.,Zou Ruirui, China,22
935.,Daley Danielle, Great Britain,22
936.,Higashitani Nagomi, Japan,22
937.,Zelinskaya Daria, Russia,22
938.,Muntean Victoria, France,22
939.,Allen Kolie, USA,22
940.,Nagata Anri, Japan,22
941.,Evtimova Dia, Bulgaria,22
942.,Vukovic Draginja, Serbia,22
943.,Perez Garcia Maria Paulina, Colombia,21
944.,Han Na-Lae, South Korea,21
945.,Esquiva Banuls Charo, Spain,21
946.,Bossi Camilla, Brazil,21
947.,Gailis Rachel, USA,21
948.,Khayrutdinova Ekaterina, Russia,21
949.,Kostovic Teodora, Serbia,21
950.,Rojas Sofia, Ecuador,21
951.,Jacobs Alexia, Canada,21
952.,Nijkamp Rose Marie, Netherlands,21
953.,Turini Viola, Italy,21
954.,Vlckova Karolina, Czech Republic,21
955.,Leon Sabastiani, USA,21
956.,Campana Carolyn, USA,21
958.,Svatikova Laura, Slovakia,21
959.,Williams Venus, USA,20
960.,Svetac Sara, Croatia,20
961.,Pohankova Mia, Slovakia,20
962.,Broadfoot Gabriella, RSA,20
963.,Udvardy Luca, Hungary,20
964.,Garcia Cid Maria, Spain,20
965.,Greco lucchina Greta, Italy,20
966.,Hageman Madelief, Netherlands,20
967.,Ounmuang Salakthip, Thailand,19
968.,Noel Mallaurie, France,19
969.,Hayashi Erina, Japan,19
970.,Parres Azcoitia Olga, Spain,19
971.,Haavisto Ella, Finland,19
972.,Maloney Eliz, Great Britain,19
973.,Fairclough Lily, Australia,19
973.,Ferrara Virginia, Italy,19
975.,Morisaki Kanako, Japan,19
976.,Marinkovic Bojana, Serbia,19
977.,Maric Dunja, Serbia,19
978.,Maquet Margaux, Belgium,19
979.,Petretic Laia, France,19
980.,Lazarenko Kateryna, Ukraine,19
981.,Bui Jada, Canada,19
982.,Vazquez Candela, Argentina,19
983.,Bouchard Eugenie, Canada,18
984.,Mediorreal Arias Valentina, Colombia,18
985.,Kabbaj Yasmine, Morocco,18
986.,Bakker Annelin, Netherlands,18
987.,Brogan Anna, Great Britain,18
988.,Nicholson Scarlett, Canada,18
989.,Curovic Tamara, Serbia,18
990.,Fakih Kate, USA,18
991.,Szymczuch Oliwia, Poland,18
992.,Zuchanska Aleksandra Julia, Poland,18
993.,Ansari Carolyn, USA,18
994.,Valdmannova Vendula, Czech Republic,18
995.,Ngounoue Malkia, USA,18
996.,Burgic Bucko Ema, Bosnia and Herzeg.,18
997.,Kardava Zoziya, Georgia,18
997.,Vidal Leticia Garcia, Brazil,18
999.,Perello Saavedra Judith, Spain,18
1000.,Zheng Saisai, China,17
1001.,Paganetti Vittoria, Italy,17
1002.,McNeil Christasha, USA,17
1003.,McNally Caty, USA,17
1004.,Taraba Wallberg Nellie, Sweden,17
1005.,El Allami Malak, Morocco,17
1006.,Blomqvist Clarissa, Finland,17
1006.,Hamilton Alanis, USA,17
1008.,Oshino Suzuho, Japan,17
1009.,Stankiewicz Monika, Poland,17
1010.,Shaikh Hibah, USA,17
1011.,Schuman Aspen, USA,17
1012.,Honer Amelia, USA,17
1013.,Lollia Mathilde, France,17
1014.,Luo Yuxuan, China,17
1015.,Herdzelas Dea, Bosnia and Herzeg.,17
1016.,Ye Shiyu, China,17
1017.,Arakawa Natsuho, Japan,17
1018.,Ly-Nguyen Savanna, Viet Nam,17
1019.,Bosio Victoria, Argentina,17
1020.,Poling Lilian, USA,17
1021.,Giraldi Requena Ana, Spain,17
1022.,Bougouffa Hanna, France,17
1023.,Giordano Maddalena, Italy,17
1024.,Osborne Alexandra, Australia,16
1025.,Kokkinis Tahlia, Australia,16
1026.,Ionescu Elizabeth, USA,16
1027.,Matushkina Kira, Russia,16
1028.,Gomez Carolina, Spain,16
1029.,Carbonaro Giulia, Italy,16
1030.,Fontenel Chelsea, Switzerland,16
1031.,Sun Yifan, China,16
1032.,Li Jiayou, China,16
1033.,Bervid Victoria, Czech Republic,16
1033.,McGiffin Tenika, Australia,16
1035.,Baszak Weronika, Poland,16
1036.,Voracek Eva Marie, Germany,16
1037.,Drozd Maya, Germany,16
1038.,Arifullina Arina, Russia,16
1039.,González Daniele Justina María, Argentina,16
1040.,Delai Melania, Italy,16
1041.,Gulin Georgia, Brazil,16
1042.,Boehner Laura, Germany,16
1043.,Djakovic Mihaela, Serbia,16
1044.,Hozumi Eri, Japan,15
1045.,Bohrer Martins Carolina, Brazil,15
1046.,Hui Katherine, USA,15
1047.,Ahn Alyssa, USA,15
1048.,Soke Duru, Turkey,15
1049.,Reasco Gonzalez Mell Elizabeth, Ecuador,15
1050.,Biolay Sophia, France,15
1051.,Hsu Chieh-Yu, Chinese Taipei,15
1052.,Zhu Chenting, China,15
1053.,Harmon Alexia, USA,15
1054.,Cirotte Astrid, France,15
1054.,Girard Emmanuelle, France,15
1056.,Ye Qiu Yu, China,15
1057.,Ahn Yu Jin, South Korea,15
1058.,Piangerelli Anastasia, Italy,15
1059.,Thompson Belle, Australia,15
1060.,Ainitdinova Gozal, Kazakhstan,15
1061.,Lavino Irene, Italy,15
1061.,Leykina Polina, Russia,15
1063.,Neilson Gatenby Talia, Great Britain,15
1064.,Pereira Rebeca, Brazil,15
1065.,Zeng Zixuan, China,15
1066.,Petkovic Anna, Germany,14
1067.,Otway Jade, New Zealand,14
1068.,Jang Gaeul, South Korea,14
1069.,Raschdorf Carolin, Germany,14
1069.,Rutlauka Sabine, Latvia,14
1071.,Klasen Anna, Germany,14
1072.,Lam Shannon, USA,14
1073.,Oana Anamaria Federica, Romania,14
1074.,Poplavska Anastasiya, Ukraine,14
1075.,Auer Stefanie, Austria,14
1076.,Sadiq Soha, India,14
1077.,Llinares Domingo Lucia, Spain,14
1078.,Pinto Giorgia, Italy,14
1079.,Kalashnikova Oksana, Georgia,13
1080.,Chan Hao-Ching, Chinese Taipei,13
1080.,Mihalikova Tereza, Slovakia,13
1082.,Rompies Jessy, Indonesia,13
1083.,Gae Mara, Romania,13
1084.,Stusek Julia, Germany,13
1085.,Kim Dabin, South Korea,13
1086.,Khirin Nicole, Israel,13
1087.,Lopatetska Daria, Ukraine,13
1088.,Paskauskas Kristina, Great Britain,13
1088.,Wiersholm Katja, USA,13
1090.,Krockova Natalia, Slovakia,13
1091.,Vyrlan Esther, USA,13
1092.,Passola Berta, Spain,13
1093.,Slavikova Emma, Czech Republic,13
1094.,Hutchinson Holly, Great Britain,13
1095.,Liu Le Yi, China,13
1096.,Lewis Mary, USA,13
1097.,Viviani Maria Vittoria, Italy,13
1098.,Sagandikova Aruzhan, Kazakhstan,13
1099.,Kobayashi Honoka, Japan,13
1100.,Vrancken Peeters Anouck, Netherlands,13
1101.,Heisen Vivian, Germany,12
1102.,Kumkhum Luksika, Thailand,12
1103.,Torres Murcia Maria Camila, Colombia,12
1104.,Sawant Madhurima, India,12
1105.,Adeshina Esther, Great Britain,12
1106.,Van Zyl Marilouise, RSA,12
1106.,Zhang Zi Ye, China,12
1108.,Pislak Manca, Slovenia,12
1109.,Yamakita Mia, USA,12
1110.,Larraya Guidi Sol Ailin, Argentina,12
1111.,William Tiffany, Great Britain,12
1112.,Gasparovic Claudia, Austria,12
1112.,Zyryanova Anna, Russia,12
1114.,Bertacchi Anastasia, Italy,12
1115.,Andreevskaya Vladislava, Kyrgyzstan,12
1115.,Saner Julita, Sweden,12
1115.,Wilson Emma, Great Britain,12
1118.,Choi Onyu, South Korea,12
1118.,Yesypchuk Daria, Ukraine,12
1120.,Bandurowska Xenia, Poland,12
1121.,Colling Solymar, USA,12
1122.,Hitt Zoe, USA,12
1123.,Poduraeva Mariya, Ukraine,12
1124.,Obradovic Andrea, Serbia,12
1125.,Ayala Lourdes, Argentina,12
1126.,Iordache Alexandra, Romania,12
1127.,Gerald Gonzalez Jimar Geraldine, Chile,12
1127.,Marchesini Maria Victoria, Argentina,12
1129.,Bergler Olivia, Poland,12
1130.,Halep Simona, Romania,11
1131.,Krajicek Michaella, Netherlands,11
1132.,Higuita Barraza Mariana Isabel, Colombia,11
1133.,Iyengar Maya, USA,11
1134.,Thamm Mariella, Germany,11
1135.,Bennett Dj, USA,11
1135.,Brune Olsen Astrid Wanja, Norway,11
1137.,Kitahara Yuno, Japan,11
1138.,Chavatipon Charlotte, USA,11
1139.,Teixido Garcia Meritxell, Spain,11
1139.,Wang Xin Tong, China,11
1141.,Avataneo Sofia, Italy,11
1142.,Nahum Gloriana Goreti, Benin,11
1142.,Snigireva Anna, Russia,11
1142.,Zamburek Ana Carmen, Dominican Rep.,11
1145.,Gynina Valery, Russia,11
1145.,Puls Anna Linn, Germany,11
1147.,Novak Kristina, Slovenia,11
1148.,Di Genova Chiara, Argentina,11
1149.,Zaparyniuk Anastasiya, Ukraine,11
1150.,Saigo Yukina, Japan,11
1151.,Barrera Aguirre Isabella, USA,11
1151.,Ni Ma Zhuoma, China,11
1153.,Mandelikova Katerina, Czech Republic,11
1154.,Kargina Valerija Maija, Latvia,11
1155.,Ivanova Ekaterina (2006), Russia,11
1155.,Slama Mia, USA,11
1157.,Modesti Vittoria, Italy,11
1158.,Ignatjeva Margarita, Latvia,11
1159.,Turkmen Doga, Turkey,11
1160.,Jani Reka-Luca, Hungary,10
1161.,Tichackova Eliska, Czech Republic,10
1162.,Nitture Akanksha Dileep, India,10
1163.,Rencheli Abigail, Moldavsko,10
1163.,Sholokhova Maria, Russia,10
1165.,Tamura Kurumi, Japan,10
1166.,Preugschat Phillippa, Germany,10
1166.,Pursoo Ariana Anazagasty, USA,10
1168.,Zhenikhova Sonja, Germany,10
1169.,Buchnik Mika, Israel,10
1169.,Lutkemeyer Obregon Anne Christine, USA,10
1169.,Mamedova Edda, Russia,10
1169.,Mansfield Kate, USA,10
1169.,Nguyen Alexis, USA,10
1174.,Skryabina Margarita, Russia,10
1175.,Cascino Estelle, France,10
1175.,Corley Carmen, USA,10
1177.,Partaud Marine, France,10
1177.,Van Zyl Jahnie, RSA,10
1179.,Daubnerova Nikola, Slovakia,10
1179.,Sahdiieva Anita, Ukraine,10
1181.,Subasic Alana, Australia,10
1182.,Walker Brandy, USA,10
1183.,Proctor Lauren, USA,10
1184.,Jovanovic Mirjana, Serbia,10
1185.,Daems Josy, Germany,10
1186.,Gao Duanrui, China,10
1187.,Sacco Federica, Italy,10
1188.,Gorska Daria, Poland,10
1188.,Stromquist Tilde, Sweden,10
1190.,Baharmus Humera, India,10
1190.,Kashyap Tanisha, India,10
1192.,Traversi Costanza, Italy,10
1193.,Khan Laquisa, Australia,10
1194.,Li Yu-Yun, Chinese Taipei,10
1195.,Stoilkovska Magdalena, North Macedonia,10
1196.,Schoofs Bibiane, Netherlands,9
1197.,Bechri Chiraz, Tunisia,9
1198.,Rosca Christina, USA,9
1199.,Gonzalez Vilar Raquel, Spain,9
1200.,Mattioli Francesca, Italy,9
1201.,Jiang Zijun, China,9
1202.,Lanca Sara, Portugal,9
1203.,Ferreira Turchetto Maria Carolina, Brazil,9
1203.,Steiner Valentina, Germany,9
1203.,Walker Lara, Australia,9
1206.,Drame Petja, Slovenia,9
1207.,Brugnone Flavie, France,9
1207.,Matos Sequeira Fernandes Jizel, Great Britain,9
1207.,Miskovic Dora, Croatia,9
1207.,Murta Ines, Portugal,9
1207.,Popescu Alessia, Russia,9
1212.,Compuesto Bianca, Australia,9
1213.,Liu Yanni, China,9
1213.,Petruzelova Lucie, Czech Republic,9
1215.,Kotliar Yelyzaveta, Ukraine,9
1216.,Mdlulwa Wozuko, RSA,9
1216.,Samel Druz Camilia, France,9
1218.,Penickova Annika, USA,9
1218.,Stevic Helena, France,9
1220.,Gram Olivia, Denmark,9
1220.,Tiglea Cristina Elena, Italy,9
1222.,Patil Sonal Paygonda, India,9
1223.,Sawasdee Watsachol, Thailand,9
1223.,Shin Jiho, South Korea,9
1225.,Nylander Altelius Jacquline, Sweden,9
1225.,Serban Isabella Maria, Romania,9
1225.,Stagno Beatrice, Italy,9
1228.,Juric Noka, Slovenia,9
1228.,Komano Margaux, France,9
1230.,Jiang Xinyu, China,8
1231.,Hou Yanan, China,8
1232.,Tse Elyse, New Zealand,8
1233.,Kolonus Zuzanna, Poland,8
1234.,Bovio Martina Maria, Argentina,8
1234.,Hamaliy Elizabet, Ukraine,8
1234.,Hossam Salah Jana, Egypt,8
1234.,Supova Kali, Slovakia,8
1234.,Zhang Junhan, China,8
1239.,Otzipka Jana, Belgium,8
1240.,Gay Cayetana, Spain,8
1241.,Campana Anna, USA,8
1242.,Ksandinov Sophia, Germany,8
1242.,Maruri Suhitha, India,8
1242.,McCray Megan, USA,8
1245.,Scholl Chi Chi, USA,8
1245.,Tirunelveli Teja, USA,8
1247.,Castro Zunino Michela, Peru,8
1247.,Ohwaki Yui, Japan,8
1247.,Yersh Kseniya, Belarus,8
1250.,Van Poppel Emma, Netherlands,8
1250.,Wang Shuoran, China,8
1252.,Adams Julia, USA,8
1252.,Popa Teiusanu Vanessa Ioana Georgiana, Romania,8
1252.,Siedliska Natalia, Germany,8
1252.,Vojcinakova Ingrid, Slovakia,8
1256.,Chlpac Agustina, Argentina,8
1256.,Cirpanli Defne, Turkey,8
1256.,Fornasieri Chiara, Italy,8
1256.,Jialin Tian, China,8
1260.,Sousa Salazar Natalia, Mexico,8
1260.,Vig Saumya, India,8
1262.,Kanepi Kaia, Estonia,7
1263.,Mpetshi Perricard Daphnee, France,7
1264.,Safarova Lucie, Czech Republic,7
1265.,Senica Alja, Slovenia,7
1266.,Atia Mariam, Egypt,7
1266.,Dzjachangirova Michelle, Netherlands,7
1266.,Krish Milan, Australia,7
1266.,Miyata Moeka, Japan,7
1266.,Mozgaleva Anastasia, Russia,7
1266.,Popa Giulia Safina, Romania,7
1272.,Easwaramurthi Ashmitha, India,7
1272.,Sijbesma Marente, Netherlands,7
1274.,Fodor Csilla, USA,7
1274.,Rumpf Paula, Germany,7
1274.,Soulie Alice, France,7
1274.,Tsujioka Shiho, Japan,7
1278.,Moyano Luciana, Argentina,7
1278.,Wi Hwui Won, South Korea,7
1280.,Jaruskova Timea, Slovakia,7
1280.,Vanik Jana, Germany,7
1282.,Hosoki Yuka, Japan,7
1282.,Liu Min, China,7
1282.,Mack Mia, Germany,7
1282.,Rabin Sol, Argentina,7
1282.,Senties Ximena, Mexico,7
1287.,Caffarena Julia, Argentina,6
1288.,Genís Salas Martina, Spain,6
1288.,Moratelli Angelica, Italy,6
1290.,Garcia Maria, Portugal,6
1291.,Black Brooke, Great Britain,6
1291.,Leme Da Silva Nauhany Vitoria, Brazil,6
1291.,Tagger Lilli, Austria,6
1291.,Thongkum Pimmada, Thailand,6
1291.,Willson Danielle, USA,6
1296.,Breckova Nikola, Czech Republic,6
1296.,Ewing Salma, USA,6
1296.,Ivanova Iva, Bulgaria,6
1296.,Oluwadare Hephzibah, Great Britain,6
1296.,Terziyska Julia, Bulgaria,6
1301.,Bulat Bianca, Romania,6
1301.,Coppez Kaat, Belgium,6
1301.,Kikawada Riko, Japan,6
1301.,Skoog Isabel, Sweden,6
1301.,Vozniak Khrystyna, Ukraine,6
1306.,Okur Dilara, Netherlands,6
1306.,Ren Ke, China,6
1306.,Rogozinska Dzik Stefania, Poland,6
1309.,Ayukawa Mana, Japan,6
1309.,Leclercq Maelle, France,6
1309.,Mincheva Vlada, Russia,6
1309.,Ogescu Simona, Romania,6
1313.,Rey Garcia Alba, Spain,6
1314.,Penickova Kristina, USA,5
1315.,Ng Man Ying Maggie, Hong Kong,5
1315.,Rodriguez Juliana, Uruguay,5
1317.,Sanchez Uribe Maria Jose, Colombia,5
1317.,Yodpetch Kamonwan, Thailand,5
1319.,Bjork June, Sweden,5
1319.,Cherny Isabelle, Great Britain,5
1319.,Dean Jenna, USA,5
1319.,Dessolis Barbara, Italy,5
1319.,Lindgren Gabriella Vannessa, Canada,5
1319.,Longueville Romane, Belgium,5
1319.,Luciano Lavinia, Italy,5
1319.,Nolte Friederike, Germany,5
1319.,Osterreicher Mavie, Austria,5
1319.,Phanthala Margot, France,5
1319.,Ramos Sierra Cristina, Spain,5
1319.,Sartz Lunde Emily, Norway,5
1319.,Verma Rhea, India,5
1332.,Brack Caroline, Germany,5
1332.,Markus Katja, Argentina,5
1332.,Urbanova Lucie, Czech Republic,5
1335.,Grekul Elena, Ukraine,5
1335.,Kaibekova Polina, Russia,5
1335.,Lacy Isabelle, Great Britain,5
1335.,Liu Zhirui, China,5
1335.,Luikham Jennifer, India,5
1335.,Musetti Lucrezia, Italy,5
1335.,Nikolenko Tatyana, Kazakhstan,5
1335.,Poj Nicole, Argentina,5
1335.,Varul Liisa, Estonia,5
1335.,Xu Jiayu, China,5
1345.,Amos Abigail, Great Britain,5
1345.,Atay Selina, Turkey,5
1345.,Hrda Luisa, Germany,5
1345.,Kuznetsova Ekaterina, Russia,5
1345.,Martinez Solis Claudia Sofia, Mexico,5
1345.,Mikhaylova Victoria, Russia,5
1345.,Ohashi Remika, Japan,5
1345.,Oliver Sanchez Maria, Spain,5
1345.,Piestrzynska Ada, Poland,5
1345.,Schaedel Lorena, Germany,5
1345.,Soriano Santiago Marta, Spain,5
1345.,Vangelova Ani, Bulgaria,5
1357.,Gleason Quinn, USA,4
1358.,De Santa Ana Lucia, Uruguay,4
1359.,Kumru Ada, Turkey,4
1359.,Suciu Amalia, Portugal,4
1361.,Alexis Love-Star, Canada,4
1361.,Arai Aely, Japan,4
1361.,Arystanbekova Asylzhan, Kazakhstan,4
1361.,Cataldi Taylor, USA,4
1361.,Chramcova Victoria, Slovakia,4
1361.,Evans Tatum, USA,4
1361.,Gadient Nicole, Switzerland,4
1361.,Kendall Woseley Meisha, USA,4
1361.,Kuparev Anastasiya, Germany,4
1361.,Lazarevic Andjela, Serbia,4
1361.,Sava Ioana Teodora, Romania,4
1361.,Viller Moller Hannah, Denmark,4
1373.,Atturu Shria, USA,4
1373.,Bhasin Smriti, India,4
1373.,Giessler Elena Giovanna, Germany,4
1373.,He Jiaying, China,4
1373.,Hernandez Miranda Judith, Spain,4
1373.,Koussenkova Valeria, Spain,4
1373.,Lim Alize, France,4
1373.,Malaescu Daria Stefania, Romania,4
1373.,Marcon Margherita, Italy,4
1373.,Mazzoni Juliette, France,4
1373.,Mikhailova Maria, Russia,4
1373.,Milanese Sara, Italy,4
1373.,Rennert Julia Victoria, Germany,4
1373.,Shebekina Elizaveta, Russia,4
1373.,Smejkal Lara, USA,4
1373.,Syrtveit Carina, Norway,4
1373.,Veldman Klara, Netherlands,4
1373.,Williford Kelly, Dominican Rep.,4
1373.,Xiao Zheng Hua, China,4
1373.,Zhang Jin, China,4
1393.,Licht Taly, Uruguay,3
1393.,Podgorichani Lidia, Russia,3
1393.,Rassil Ranim, Tunisia,3
1396.,Alsola Jessica Luisa, Canada,3
1396.,Alvarez Sande Eva, Spain,3
1396.,Baidaulet Dana, Kazakhstan,3
1396.,Bakhmutkina Polina, Russia,3
1396.,Bista Abhilasha, Nepal,3
1396.,Couto Lena, Portugal,3
1396.,Ekstrand Monika, USA,3
1396.,Elmas Leyla Nilufer, Turkey,3
1396.,Firman Anastasiia, Ukraine,3
1396.,Freitas Analu, Portugal,3
1396.,Gudelj Vanja, Netherlands,3
1396.,Hansen Sarafina Olivia, Denmark,3
1396.,Iila Elisabeth, Estonia,3
1396.,Johansson Ida, Sweden,3
1396.,Kondos Gina, USA,3
1396.,Kowalczyk Natalia, Poland,3
1396.,Leong Shihomi Li Xuan, Malaysia,3
1396.,Liauw A Fong Noa, Netherlands,3
1396.,Marti Sandy, Switzerland,3
1396.,Marusinova Martina, Slovakia,3
1396.,Maslenkova Milana, Uzbekistan,3
1396.,Medvedeva Miroslava, Russia,3
1396.,Michalkova Barbora, Czech Republic,3
1396.,Milenkovic Kristina, Switzerland,3
1396.,Ogunwale Jaquelyn, Great Britain,3
1396.,Osabuohien Adesuwa, USA,3
1396.,Ozeki Ayaka, Japan,3
1396.,Paathak Paavanii, India,3
1396.,Palecek Nikol, Serbia,3
1396.,Pawlak Lucie, France,3
1396.,Pochtovyk Krystyna, Ukraine,3
1396.,Ramduth Kaitlyn Leigh, RSA,3
1396.,Rathi Anjali, India,3
1396.,Reed Lexington, USA,3
1396.,Reisel Luise, Germany,3
1396.,Rustemova Zhanel, Kazakhstan,3
1396.,Samardzic Ayline Esina, Switzerland,3
1396.,Semenova Anna, Russia,3
1396.,Stojanova Jana, North Macedonia,3
1396.,Tomai Carla, Portugal,3
1396.,Volkov Alexa, Germany,3
1396.,Wang Tianmei, USA,3
1396.,Xavier Laydner Carolina, Brazil,3
1396.,Xu Naomi, Canada,3
1396.,Zakharova Elina, Russia,3
1396.,Zvereva Vlada, Belarus,3
